measure_id,measure_name,location_id,location_name,sex_id,sex_name,age_id,age_name,cause_id,cause_name,metric_id,metric_name,year,val,upper,lower
5,Prevalence,57,Belarus,1,Male,27,Age-standardized,558,Mental disorders,2,Percent,2019,0.12180731979956849,0.13284380914299262,0.11169148861891161
5,Prevalence,57,Belarus,2,Female,27,Age-standardized,558,Mental disorders,2,Percent,2019,0.12773905252712173,0.1406629656879603,0.11616094134239084
5,Prevalence,57,Belarus,3,Both,27,Age-standardized,558,Mental disorders,2,Percent,2019,0.1256526282248056,0.1373319838339259,0.11529792950294829
5,Prevalence,68,Republic of Korea,1,Male,27,Age-standardized,558,Mental disorders,2,Percent,2019,0.11059461005147332,0.12158767942883733,0.10088364009098619
5,Prevalence,68,Republic of Korea,2,Female,27,Age-standardized,558,Mental disorders,2,Percent,2019,0.10668314698636945,0.11914160476524341,0.09640453445949093
5,Prevalence,68,Republic of Korea,3,Both,27,Age-standardized,558,Mental disorders,2,Percent,2019,0.10884497875160659,0.1196952961051168,0.09955420275015839
5,Prevalence,101,Canada,1,Male,27,Age-standardized,558,Mental disorders,2,Percent,2019,0.153102308103217,0.168918266786005,0.13919344201007522
5,Prevalence,101,Canada,2,Female,27,Age-standardized,558,Mental disorders,2,Percent,2019,0.14550957518201307,0.16143189527665494,0.13280090398760996
5,Prevalence,101,Canada,3,Both,27,Age-standardized,558,Mental disorders,2,Percent,2019,0.14953562965019854,0.16504443539298497,0.13684962357061278
5,Prevalence,522,Sudan,1,Male,27,Age-standardized,558,Mental disorders,2,Percent,2019,0.15571205864714646,0.17075971500514583,0.1415792380860602
5,Prevalence,522,Sudan,2,Female,27,Age-standardized,558,Mental disorders,2,Percent,2019,0.1637658378758766,0.1808877791766254,0.14740632980119114
5,Prevalence,522,Sudan,3,Both,27,Age-standardized,558,Mental disorders,2,Percent,2019,0.15985829680242797,0.17449545575849884,0.14512225039543836
5,Prevalence,112,Grenada,1,Male,27,Age-standardized,558,Mental disorders,2,Percent,2019,0.14518790857328237,0.16206307810525253,0.1308574546616611
5,Prevalence,112,Grenada,2,Female,27,Age-standardized,558,Mental disorders,2,Percent,2019,0.14175194811117126,0.1563385278451259,0.12877198401349454
5,Prevalence,112,Grenada,3,Both,27,Age-standardized,558,Mental disorders,2,Percent,2019,0.14373175312178532,0.1588159433965797,0.13081809463737018
5,Prevalence,58,Estonia,1,Male,27,Age-standardized,558,Mental disorders,2,Percent,2019,0.11753354825824087,0.1285200174478905,0.10783120009798763
5,Prevalence,58,Estonia,2,Female,27,Age-standardized,558,Mental disorders,2,Percent,2019,0.12492564802818183,0.13716228160140598,0.11461431181300417
5,Prevalence,58,Estonia,3,Both,27,Age-standardized,558,Mental disorders,2,Percent,2019,0.12194628755419618,0.13279292181095656,0.1120769051175198
5,Prevalence,123,Peru,1,Male,27,Age-standardized,558,Mental disorders,2,Percent,2019,0.1330585414793411,0.14809182287002837,0.12052681114908698
5,Prevalence,123,Peru,2,Female,27,Age-standardized,558,Mental disorders,2,Percent,2019,0.1424895087065957,0.16056743188666978,0.12800345720496606
5,Prevalence,123,Peru,3,Both,27,Age-standardized,558,Mental disorders,2,Percent,2019,0.13821431103184229,0.1535149596554279,0.1252140454533718
5,Prevalence,14,Maldives,1,Male,27,Age-standardized,558,Mental disorders,2,Percent,2019,0.10574977829404468,0.11576171592538431,0.09648296543623935
5,Prevalence,14,Maldives,2,Female,27,Age-standardized,558,Mental disorders,2,Percent,2019,0.11896946070045032,0.1315750361449494,0.10732837091715439
5,Prevalence,14,Maldives,3,Both,27,Age-standardized,558,Mental disorders,2,Percent,2019,0.1107296887753164,0.12154190453603392,0.10102797433435769
5,Prevalence,145,Kuwait,1,Male,27,Age-standardized,558,Mental disorders,2,Percent,2019,0.13274076491156628,0.1451959997895739,0.12180094204977739
5,Prevalence,145,Kuwait,2,Female,27,Age-standardized,558,Mental disorders,2,Percent,2019,0.14991935899570985,0.1669260027043998,0.1354984365307091
5,Prevalence,145,Kuwait,3,Both,27,Age-standardized,558,Mental disorders,2,Percent,2019,0.140464044450954,0.15381111498619984,0.1284036221393392
5,Prevalence,25,Micronesia (Federated States of),1,Male,27,Age-standardized,558,Mental disorders,2,Percent,2019,0.1168855613327329,0.12815226560475898,0.10630782393590955
5,Prevalence,25,Micronesia (Federated States of),2,Female,27,Age-standardized,558,Mental disorders,2,Percent,2019,0.1212710564816509,0.13436491839206577,0.10973938472696533
5,Prevalence,25,Micronesia (Federated States of),3,Both,27,Age-standardized,558,Mental disorders,2,Percent,2019,0.1193376964213862,0.131357546080291,0.10875914070828632
5,Prevalence,102,United States of America,1,Male,27,Age-standardized,558,Mental disorders,2,Percent,2019,0.16464168774854396,0.17971543015627325,0.15211989042281185
5,Prevalence,102,United States of America,2,Female,27,Age-standardized,558,Mental disorders,2,Percent,2019,0.17322130625499083,0.18678458558533548,0.16142368519847583
5,Prevalence,102,United States of America,3,Both,27,Age-standardized,558,Mental disorders,2,Percent,2019,0.16934620880138873,0.18294943333528257,0.15804036201125193
5,Prevalence,80,France,1,Male,27,Age-standardized,558,Mental disorders,2,Percent,2019,0.14937467983255556,0.1634520495736813,0.13667022716253321
5,Prevalence,80,France,2,Female,27,Age-standardized,558,Mental disorders,2,Percent,2019,0.18139730095595366,0.20138998713950498,0.16343091689318642
5,Prevalence,80,France,3,Both,27,Age-standardized,558,Mental disorders,2,Percent,2019,0.16632372238807525,0.18323452937572066,0.1517722468731371
5,Prevalence,435,South Sudan,1,Male,27,Age-standardized,558,Mental disorders,2,Percent,2019,0.12432693717498382,0.136005242767395,0.1139896832559039
5,Prevalence,435,South Sudan,2,Female,27,Age-standardized,558,Mental disorders,2,Percent,2019,0.14137787171780863,0.15635708608672516,0.12778443416857882
5,Prevalence,435,South Sudan,3,Both,27,Age-standardized,558,Mental disorders,2,Percent,2019,0.13312916017544404,0.14618024707831204,0.12143902546657977
5,Prevalence,47,Czechia,1,Male,27,Age-standardized,558,Mental disorders,2,Percent,2019,0.10544985210240017,0.11516491109280422,0.09661245358445489
5,Prevalence,47,Czechia,2,Female,27,Age-standardized,558,Mental disorders,2,Percent,2019,0.11657052110438546,0.12786008182493638,0.10624374962640792
5,Prevalence,47,Czechia,3,Both,27,Age-standardized,558,Mental disorders,2,Percent,2019,0.11139778752454808,0.12130589892925926,0.10243176349035399
5,Prevalence,36,Kazakhstan,1,Male,27,Age-standardized,558,Mental disorders,2,Percent,2019,0.10498073380059977,0.11488448335323653,0.09612302673580304
5,Prevalence,36,Kazakhstan,2,Female,27,Age-standardized,558,Mental disorders,2,Percent,2019,0.10569209942086101,0.1149828379702021,0.0972153954631201
5,Prevalence,36,Kazakhstan,3,Both,27,Age-standardized,558,Mental disorders,2,Percent,2019,0.10612689638949217,0.11549939671342431,0.09796723707694363
5,Prevalence,212,Mauritania,1,Male,27,Age-standardized,558,Mental disorders,2,Percent,2019,0.10702277227632517,0.11664529377795617,0.09772860561473841
5,Prevalence,212,Mauritania,2,Female,27,Age-standardized,558,Mental disorders,2,Percent,2019,0.10456908797034349,0.11515215610527739,0.09532033430722225
5,Prevalence,212,Mauritania,3,Both,27,Age-standardized,558,Mental disorders,2,Percent,2019,0.10582122722399384,0.11542585391966588,0.09715614369012429
5,Prevalence,48,Hungary,1,Male,27,Age-standardized,558,Mental disorders,2,Percent,2019,0.10713419255056593,0.1181660120251009,0.09800815152147199
5,Prevalence,48,Hungary,2,Female,27,Age-standardized,558,Mental disorders,2,Percent,2019,0.11761135347825039,0.1299759217985546,0.10650026413599105
5,Prevalence,48,Hungary,3,Both,27,Age-standardized,558,Mental disorders,2,Percent,2019,0.11310907851656218,0.1240277202518998,0.1035242695942875
5,Prevalence,69,Singapore,1,Male,27,Age-standardized,558,Mental disorders,2,Percent,2019,0.11548321072035173,0.12796139680775365,0.10516658109265496
5,Prevalence,69,Singapore,2,Female,27,Age-standardized,558,Mental disorders,2,Percent,2019,0.10176304417006204,0.11210460004787186,0.09263432790474653
5,Prevalence,69,Singapore,3,Both,27,Age-standardized,558,Mental disorders,2,Percent,2019,0.10859267917322445,0.11930996396306726,0.099613808577327
5,Prevalence,135,Brazil,1,Male,27,Age-standardized,558,Mental disorders,2,Percent,2019,0.14784988482871886,0.16033578869315926,0.1366112559285609
5,Prevalence,135,Brazil,2,Female,27,Age-standardized,558,Mental disorders,2,Percent,2019,0.1843548817226294,0.20037451872825449,0.17109111558760115
5,Prevalence,135,Brazil,3,Both,27,Age-standardized,558,Mental disorders,2,Percent,2019,0.16717069356276631,0.180296918171951,0.15597514113856803
5,Prevalence,156,United Arab Emirates,1,Male,27,Age-standardized,558,Mental disorders,2,Percent,2019,0.1214081238065415,0.13282548560459012,0.11132606109086855
5,Prevalence,156,United Arab Emirates,2,Female,27,Age-standardized,558,Mental disorders,2,Percent,2019,0.13828321313019468,0.1545186504013194,0.12455047292651818
5,Prevalence,156,United Arab Emirates,3,Both,27,Age-standardized,558,Mental disorders,2,Percent,2019,0.12531264391755415,0.1374213234149113,0.11445477607841423
5,Prevalence,190,Uganda,1,Male,27,Age-standardized,558,Mental disorders,2,Percent,2019,0.14065096473796235,0.1530961004182524,0.12883338885785314
5,Prevalence,190,Uganda,2,Female,27,Age-standardized,558,Mental disorders,2,Percent,2019,0.149838020116512,0.16399172348159835,0.13608498879210112
5,Prevalence,190,Uganda,3,Both,27,Age-standardized,558,Mental disorders,2,Percent,2019,0.1459358069301794,0.15886276264430976,0.13399969136963996
5,Prevalence,90,Norway,1,Male,27,Age-standardized,558,Mental disorders,2,Percent,2019,0.15273964927890005,0.16563646756701528,0.1414082515030646
5,Prevalence,90,Norway,2,Female,27,Age-standardized,558,Mental disorders,2,Percent,2019,0.16674177939232596,0.18071166108186715,0.1544347144706905
5,Prevalence,90,Norway,3,Both,27,Age-standardized,558,Mental disorders,2,Percent,2019,0.15981950945630857,0.17219918037276688,0.14823156466551246
5,Prevalence,79,Finland,1,Male,27,Age-standardized,558,Mental disorders,2,Percent,2019,0.15057098679134376,0.1650098478618548,0.1380762743177551
5,Prevalence,79,Finland,2,Female,27,Age-standardized,558,Mental disorders,2,Percent,2019,0.1484997867319227,0.16299474121425733,0.13663753033712453
5,Prevalence,79,Finland,3,Both,27,Age-standardized,558,Mental disorders,2,Percent,2019,0.14964017304433364,0.16305268216143182,0.13809632516444958
5,Prevalence,369,Nauru,1,Male,27,Age-standardized,558,Mental disorders,2,Percent,2019,0.11437470308873225,0.12567931606362048,0.10409315092473849
5,Prevalence,369,Nauru,2,Female,27,Age-standardized,558,Mental disorders,2,Percent,2019,0.12053853851501979,0.1347681146360741,0.10880763578279673
5,Prevalence,369,Nauru,3,Both,27,Age-standardized,558,Mental disorders,2,Percent,2019,0.11794098557819492,0.13002111710625217,0.10773485194746996
5,Prevalence,6,China,1,Male,27,Age-standardized,558,Mental disorders,2,Percent,2019,0.11532194308920515,0.12632934480818173,0.10485604578254148
5,Prevalence,6,China,2,Female,27,Age-standardized,558,Mental disorders,2,Percent,2019,0.10971650611746728,0.1178485739142181,0.10152272660179694
5,Prevalence,6,China,3,Both,27,Age-standardized,558,Mental disorders,2,Percent,2019,0.11309431249460374,0.12235042922524596,0.10445980652789848
5,Prevalence,91,Portugal,1,Male,27,Age-standardized,558,Mental disorders,2,Percent,2019,0.16613274232528072,0.18222597557982503,0.15123793740856556
5,Prevalence,91,Portugal,2,Female,27,Age-standardized,558,Mental disorders,2,Percent,2019,0.20015476002094926,0.22457222686985373,0.17985285656457822
5,Prevalence,91,Portugal,3,Both,27,Age-standardized,558,Mental disorders,2,Percent,2019,0.1845128785304269,0.20364729219076536,0.16730114958987585
5,Prevalence,201,Burkina Faso,1,Male,27,Age-standardized,558,Mental disorders,2,Percent,2019,0.11549959722145337,0.12622225213260954,0.10555442925258723
5,Prevalence,201,Burkina Faso,2,Female,27,Age-standardized,558,Mental disorders,2,Percent,2019,0.11714772232013426,0.12891245839254992,0.10683766708202018
5,Prevalence,201,Burkina Faso,3,Both,27,Age-standardized,558,Mental disorders,2,Percent,2019,0.11658701650552158,0.1271938832662314,0.10668066176445468
5,Prevalence,168,Angola,1,Male,27,Age-standardized,558,Mental disorders,2,Percent,2019,0.12759624014561555,0.13941826058396994,0.11718462674334253
5,Prevalence,168,Angola,2,Female,27,Age-standardized,558,Mental disorders,2,Percent,2019,0.13812484074093634,0.15213967341436835,0.12610907832976606
5,Prevalence,168,Angola,3,Both,27,Age-standardized,558,Mental disorders,2,Percent,2019,0.1333846811117294,0.14551266805471458,0.12273736091655824
5,Prevalence,374,Niue,1,Male,27,Age-standardized,558,Mental disorders,2,Percent,2019,0.11445802453114093,0.1263862321397391,0.1041271269424582
5,Prevalence,374,Niue,2,Female,27,Age-standardized,558,Mental disorders,2,Percent,2019,0.12026039356966021,0.13403707006072524,0.10869730124777671
5,Prevalence,374,Niue,3,Both,27,Age-standardized,558,Mental disorders,2,Percent,2019,0.11773469158793046,0.13008324059520465,0.10730708300776134
5,Prevalence,15,Myanmar,1,Male,27,Age-standardized,558,Mental disorders,2,Percent,2019,0.10302483448990238,0.11367734851321103,0.09342585462460791
5,Prevalence,15,Myanmar,2,Female,27,Age-standardized,558,Mental disorders,2,Percent,2019,0.11347593327152358,0.12741844166281963,0.10121373373062488
5,Prevalence,15,Myanmar,3,Both,27,Age-standardized,558,Mental disorders,2,Percent,2019,0.10886942621180713,0.12056246867147943,0.09855928759546201
5,Prevalence,298,American Samoa,1,Male,27,Age-standardized,558,Mental disorders,2,Percent,2019,0.10930229352773317,0.12040782814029402,0.09915059736540266
5,Prevalence,298,American Samoa,2,Female,27,Age-standardized,558,Mental disorders,2,Percent,2019,0.11493027124096417,0.12836314819267544,0.10326597260206063
5,Prevalence,298,American Samoa,3,Both,27,Age-standardized,558,Mental disorders,2,Percent,2019,0.1124102802924061,0.12421924321800151,0.10213418104444925
5,Prevalence,178,Eritrea,1,Male,27,Age-standardized,558,Mental disorders,2,Percent,2019,0.12464197210835036,0.1360640351006078,0.11422046629575244
5,Prevalence,178,Eritrea,2,Female,27,Age-standardized,558,Mental disorders,2,Percent,2019,0.13276213842858203,0.14591801838206947,0.12033773766154611
5,Prevalence,178,Eritrea,3,Both,27,Age-standardized,558,Mental disorders,2,Percent,2019,0.12922896767198638,0.1409527532771022,0.11810175367615669
5,Prevalence,26,Papua New Guinea,1,Male,27,Age-standardized,558,Mental disorders,2,Percent,2019,0.11611520293576752,0.12775319210884528,0.1058349208947588
5,Prevalence,26,Papua New Guinea,2,Female,27,Age-standardized,558,Mental disorders,2,Percent,2019,0.12220456356690759,0.13566225210545443,0.11033335376508899
5,Prevalence,26,Papua New Guinea,3,Both,27,Age-standardized,558,Mental disorders,2,Percent,2019,0.11909542628633044,0.1314155201074802,0.10851400843318963
5,Prevalence,157,Yemen,1,Male,27,Age-standardized,558,Mental disorders,2,Percent,2019,0.15484826703211005,0.17063093198701937,0.13984023703509724
5,Prevalence,157,Yemen,2,Female,27,Age-standardized,558,Mental disorders,2,Percent,2019,0.17268908840263253,0.18989882714868742,0.15633974076227383
5,Prevalence,157,Yemen,3,Both,27,Age-standardized,558,Mental disorders,2,Percent,2019,0.16401522295300489,0.17995474909945655,0.14865908176499001
5,Prevalence,37,Kyrgyzstan,1,Male,27,Age-standardized,558,Mental disorders,2,Percent,2019,0.11247771181574238,0.12302976625834329,0.10225176097286101
5,Prevalence,37,Kyrgyzstan,2,Female,27,Age-standardized,558,Mental disorders,2,Percent,2019,0.11149288914983847,0.12175910911940473,0.10207080086361177
5,Prevalence,37,Kyrgyzstan,3,Both,27,Age-standardized,558,Mental disorders,2,Percent,2019,0.11260984690888975,0.1226108863878816,0.10339274946358003
5,Prevalence,146,Lebanon,1,Male,27,Age-standardized,558,Mental disorders,2,Percent,2019,0.1516497565442454,0.16542111699045972,0.1389816151382863
5,Prevalence,146,Lebanon,2,Female,27,Age-standardized,558,Mental disorders,2,Percent,2019,0.17502466468762243,0.19411453571957019,0.15809677167774633
5,Prevalence,146,Lebanon,3,Both,27,Age-standardized,558,Mental disorders,2,Percent,2019,0.164387512533598,0.17979474836013395,0.15020484043367308
5,Prevalence,59,Latvia,1,Male,27,Age-standardized,558,Mental disorders,2,Percent,2019,0.1223474224777525,0.13315164443662858,0.1121322914809756
5,Prevalence,59,Latvia,2,Female,27,Age-standardized,558,Mental disorders,2,Percent,2019,0.12848904637247857,0.14061580033195167,0.11686712263084531
5,Prevalence,59,Latvia,3,Both,27,Age-standardized,558,Mental disorders,2,Percent,2019,0.12616889610735918,0.13779573909541892,0.11576645263290379
5,Prevalence,191,Zambia,1,Male,27,Age-standardized,558,Mental disorders,2,Percent,2019,0.1169912813823994,0.12760162340643996,0.10727060391822889
5,Prevalence,191,Zambia,2,Female,27,Age-standardized,558,Mental disorders,2,Percent,2019,0.12496056208919583,0.138352976571137,0.11258178326917241
5,Prevalence,191,Zambia,3,Both,27,Age-standardized,558,Mental disorders,2,Percent,2019,0.12112615513042076,0.13237424957883792,0.11046706426980726
5,Prevalence,81,Germany,1,Male,27,Age-standardized,558,Mental disorders,2,Percent,2019,0.1339284343133533,0.14614396552312775,0.12224524800236329
5,Prevalence,81,Germany,2,Female,27,Age-standardized,558,Mental disorders,2,Percent,2019,0.1657127738204103,0.18534686870915404,0.1480017963042803
5,Prevalence,81,Germany,3,Both,27,Age-standardized,558,Mental disorders,2,Percent,2019,0.1500078995899444,0.16518068604004751,0.13618845631152082
5,Prevalence,113,Guyana,1,Male,27,Age-standardized,558,Mental disorders,2,Percent,2019,0.15553765262422428,0.17226270928935586,0.1410339149863656
5,Prevalence,113,Guyana,2,Female,27,Age-standardized,558,Mental disorders,2,Percent,2019,0.15988947130109846,0.1753517698956453,0.14667508435887205
5,Prevalence,113,Guyana,3,Both,27,Age-standardized,558,Mental disorders,2,Percent,2019,0.1581077976265846,0.17358837313345293,0.14519962414065962
5,Prevalence,202,Cameroon,1,Male,27,Age-standardized,558,Mental disorders,2,Percent,2019,0.1147428164344709,0.12457127490960342,0.10539446785503959
5,Prevalence,202,Cameroon,2,Female,27,Age-standardized,558,Mental disorders,2,Percent,2019,0.12261044418573841,0.13393729242141414,0.11158771711797259
5,Prevalence,202,Cameroon,3,Both,27,Age-standardized,558,Mental disorders,2,Percent,2019,0.11888278261334992,0.12928763310378535,0.10941946657625104
5,Prevalence,92,Spain,1,Male,27,Age-standardized,558,Mental disorders,2,Percent,2019,0.16744088118447178,0.1834883431170332,0.15210216096719534
5,Prevalence,92,Spain,2,Female,27,Age-standardized,558,Mental disorders,2,Percent,2019,0.1975368177480636,0.21560282306627496,0.18142579341037476
5,Prevalence,92,Spain,3,Both,27,Age-standardized,558,Mental disorders,2,Percent,2019,0.18319718304226462,0.19799095415757006,0.16915559605091754
5,Prevalence,16,Philippines,1,Male,27,Age-standardized,558,Mental disorders,2,Percent,2019,0.11061659270172487,0.1193419656360626,0.10192105222117476
5,Prevalence,16,Philippines,2,Female,27,Age-standardized,558,Mental disorders,2,Percent,2019,0.12779423362939774,0.13800268822131406,0.11786288071292335
5,Prevalence,16,Philippines,3,Both,27,Age-standardized,558,Mental disorders,2,Percent,2019,0.11944472945851342,0.12863181029112325,0.11036331805289486
5,Prevalence,71,Australia,1,Male,27,Age-standardized,558,Mental disorders,2,Percent,2019,0.19289180682859128,0.20945095710364783,0.17750685709558886
5,Prevalence,71,Australia,2,Female,27,Age-standardized,558,Mental disorders,2,Percent,2019,0.19328858275921848,0.21188115838188187,0.1775394351044396
5,Prevalence,71,Australia,3,Both,27,Age-standardized,558,Mental disorders,2,Percent,2019,0.1934792341064152,0.2105709709351876,0.17909110434393874
5,Prevalence,213,Niger,1,Male,27,Age-standardized,558,Mental disorders,2,Percent,2019,0.11195341309149197,0.12217290164073086,0.10215500717444469
5,Prevalence,213,Niger,2,Female,27,Age-standardized,558,Mental disorders,2,Percent,2019,0.12013467830767008,0.13232378984276738,0.10897455981927814
5,Prevalence,213,Niger,3,Both,27,Age-standardized,558,Mental disorders,2,Percent,2019,0.11629024505112867,0.12727886481418837,0.10620374142106652
5,Prevalence,169,Central African Republic,1,Male,27,Age-standardized,558,Mental disorders,2,Percent,2019,0.14214015281207526,0.1550191027909907,0.1298425311473789
5,Prevalence,169,Central African Republic,2,Female,27,Age-standardized,558,Mental disorders,2,Percent,2019,0.15008711324829008,0.16562160812249027,0.13626686315246897
5,Prevalence,169,Central African Republic,3,Both,27,Age-standardized,558,Mental disorders,2,Percent,2019,0.14650208656711922,0.16021990631415745,0.13352013244245964
5,Prevalence,126,Costa Rica,1,Male,27,Age-standardized,558,Mental disorders,2,Percent,2019,0.12580638214670042,0.1391404156487733,0.11491435710684432
5,Prevalence,126,Costa Rica,2,Female,27,Age-standardized,558,Mental disorders,2,Percent,2019,0.1333353202090724,0.14878852993315006,0.12092785843129743
5,Prevalence,126,Costa Rica,3,Both,27,Age-standardized,558,Mental disorders,2,Percent,2019,0.13009186307377302,0.14320752489627928,0.11922140401766097
5,Prevalence,50,Montenegro,1,Male,27,Age-standardized,558,Mental disorders,2,Percent,2019,0.10833265231956346,0.11908330375344321,0.09841082042508983
5,Prevalence,50,Montenegro,2,Female,27,Age-standardized,558,Mental disorders,2,Percent,2019,0.12309394093804875,0.13554096200032612,0.11161569318642303
5,Prevalence,50,Montenegro,3,Both,27,Age-standardized,558,Mental disorders,2,Percent,2019,0.1163408924793044,0.1272938112351559,0.10646619427428905
5,Prevalence,125,Colombia,1,Male,27,Age-standardized,558,Mental disorders,2,Percent,2019,0.11882174553089882,0.13121357886912055,0.1081881234467163
5,Prevalence,125,Colombia,2,Female,27,Age-standardized,558,Mental disorders,2,Percent,2019,0.12161626433035803,0.13665147889689588,0.10916089583978703
5,Prevalence,125,Colombia,3,Both,27,Age-standardized,558,Mental disorders,2,Percent,2019,0.12046430425169595,0.13334563634717878,0.1092569706498948
5,Prevalence,179,Ethiopia,1,Male,27,Age-standardized,558,Mental disorders,2,Percent,2019,0.12168795723688462,0.13068616330446406,0.11241309488300881
5,Prevalence,179,Ethiopia,2,Female,27,Age-standardized,558,Mental disorders,2,Percent,2019,0.12774331023337634,0.13765498476962806,0.11833885958570235
5,Prevalence,179,Ethiopia,3,Both,27,Age-standardized,558,Mental disorders,2,Percent,2019,0.12478390299109961,0.13366627364334288,0.1157303809854093
5,Prevalence,27,Samoa,1,Male,27,Age-standardized,558,Mental disorders,2,Percent,2019,0.1134676257993976,0.12552230105226286,0.10367504756014614
5,Prevalence,27,Samoa,2,Female,27,Age-standardized,558,Mental disorders,2,Percent,2019,0.11825162482205179,0.13197158735772185,0.1059770783064392
5,Prevalence,27,Samoa,3,Both,27,Age-standardized,558,Mental disorders,2,Percent,2019,0.11593834200321791,0.1280246130255126,0.1054188117518098
5,Prevalence,376,Northern Mariana Islands,1,Male,27,Age-standardized,558,Mental disorders,2,Percent,2019,0.11178658984681968,0.12280357071949698,0.10193587171096104
5,Prevalence,376,Northern Mariana Islands,2,Female,27,Age-standardized,558,Mental disorders,2,Percent,2019,0.11313429062846618,0.1267765250225322,0.10179385132253886
5,Prevalence,376,Northern Mariana Islands,3,Both,27,Age-standardized,558,Mental disorders,2,Percent,2019,0.11241550779457762,0.12424550825441913,0.1023732296001359
5,Prevalence,180,Kenya,1,Male,27,Age-standardized,558,Mental disorders,2,Percent,2019,0.11933952940503466,0.12788752138810178,0.11115449625189301
5,Prevalence,180,Kenya,2,Female,27,Age-standardized,558,Mental disorders,2,Percent,2019,0.12692276938955624,0.1359731122681791,0.1179647150937127
5,Prevalence,180,Kenya,3,Both,27,Age-standardized,558,Mental disorders,2,Percent,2019,0.12338614648458782,0.13191067573959714,0.11506175450367709
5,Prevalence,136,Paraguay,1,Male,27,Age-standardized,558,Mental disorders,2,Percent,2019,0.14078251961277258,0.15529111439757182,0.12782938108420733
5,Prevalence,136,Paraguay,2,Female,27,Age-standardized,558,Mental disorders,2,Percent,2019,0.1753180578993398,0.19582898051066308,0.1585186581458824
5,Prevalence,136,Paraguay,3,Both,27,Age-standardized,558,Mental disorders,2,Percent,2019,0.15836065513233585,0.1744316636619883,0.14427492864062758
5,Prevalence,115,Jamaica,1,Male,27,Age-standardized,558,Mental disorders,2,Percent,2019,0.14128503875810974,0.15771983377830134,0.12693427628047896
5,Prevalence,115,Jamaica,2,Female,27,Age-standardized,558,Mental disorders,2,Percent,2019,0.1385614564484278,0.15412083830931475,0.12515101077276522
5,Prevalence,115,Jamaica,3,Both,27,Age-standardized,558,Mental disorders,2,Percent,2019,0.14018260482759595,0.15525837491780473,0.12747806915066162
5,Prevalence,49,North Macedonia,1,Male,27,Age-standardized,558,Mental disorders,2,Percent,2019,0.10690517692678897,0.1177239599154909,0.09742897250166226
5,Prevalence,49,North Macedonia,2,Female,27,Age-standardized,558,Mental disorders,2,Percent,2019,0.11956995463584591,0.1323293368383163,0.10844246448149741
5,Prevalence,49,North Macedonia,3,Both,27,Age-standardized,558,Mental disorders,2,Percent,2019,0.11343118578447182,0.12443404502245356,0.10360377611277616
5,Prevalence,82,Greece,1,Male,27,Age-standardized,558,Mental disorders,2,Percent,2019,0.15852856049750422,0.17280421242602745,0.1460300329967907
5,Prevalence,82,Greece,2,Female,27,Age-standardized,558,Mental disorders,2,Percent,2019,0.1811376093118099,0.20084082725692548,0.1644027167963811
5,Prevalence,82,Greece,3,Both,27,Age-standardized,558,Mental disorders,2,Percent,2019,0.17046892080341672,0.18593454774289853,0.15672928643282635
5,Prevalence,114,Haiti,1,Male,27,Age-standardized,558,Mental disorders,2,Percent,2019,0.14913139378478735,0.16724705863675432,0.1346500607004892
5,Prevalence,114,Haiti,2,Female,27,Age-standardized,558,Mental disorders,2,Percent,2019,0.1524943067195107,0.16819151134439245,0.13849077127248466
5,Prevalence,114,Haiti,3,Both,27,Age-standardized,558,Mental disorders,2,Percent,2019,0.15130035513561574,0.16724669231583006,0.13778983813253098
5,Prevalence,204,Chad,1,Male,27,Age-standardized,558,Mental disorders,2,Percent,2019,0.12125621704480381,0.13136928899048173,0.11132570044111949
5,Prevalence,204,Chad,2,Female,27,Age-standardized,558,Mental disorders,2,Percent,2019,0.13193102015827401,0.1449588116529683,0.12017742144594482
5,Prevalence,204,Chad,3,Both,27,Age-standardized,558,Mental disorders,2,Percent,2019,0.12650981779330353,0.13794316365818882,0.11619967274008373
5,Prevalence,203,Cabo Verde,1,Male,27,Age-standardized,558,Mental disorders,2,Percent,2019,0.12081646620788836,0.13121097163338577,0.11090624986419181
5,Prevalence,203,Cabo Verde,2,Female,27,Age-standardized,558,Mental disorders,2,Percent,2019,0.1211053019311045,0.1330292517076734,0.11075576282492726
5,Prevalence,203,Cabo Verde,3,Both,27,Age-standardized,558,Mental disorders,2,Percent,2019,0.12133861897687981,0.13160657555549463,0.11152757541396784
5,Prevalence,51,Poland,1,Male,27,Age-standardized,558,Mental disorders,2,Percent,2019,0.10543700087408765,0.11421548611453838,0.09711600112909936
5,Prevalence,51,Poland,2,Female,27,Age-standardized,558,Mental disorders,2,Percent,2019,0.10592247059164757,0.11411755250744073,0.0980303942925775
5,Prevalence,51,Poland,3,Both,27,Age-standardized,558,Mental disorders,2,Percent,2019,0.10601623672333357,0.11431379823504006,0.09819277173425056
5,Prevalence,147,Libya,1,Male,27,Age-standardized,558,Mental disorders,2,Percent,2019,0.1463647407505701,0.15982694030851957,0.13396405741195935
5,Prevalence,147,Libya,2,Female,27,Age-standardized,558,Mental disorders,2,Percent,2019,0.1618715854316496,0.17965414329050391,0.14647059915197672
5,Prevalence,147,Libya,3,Both,27,Age-standardized,558,Mental disorders,2,Percent,2019,0.15399131276037215,0.16838332641587017,0.14100750739854132
5,Prevalence,38,Mongolia,1,Male,27,Age-standardized,558,Mental disorders,2,Percent,2019,0.11109844746731347,0.1214605491384277,0.10195817725720455
5,Prevalence,38,Mongolia,2,Female,27,Age-standardized,558,Mental disorders,2,Percent,2019,0.11297243238766415,0.12329729929951996,0.10350812451894513
5,Prevalence,38,Mongolia,3,Both,27,Age-standardized,558,Mental disorders,2,Percent,2019,0.11268698500285437,0.12267853415930391,0.10376864555208265
5,Prevalence,380,Palau,1,Male,27,Age-standardized,558,Mental disorders,2,Percent,2019,0.11396977911282138,0.1257675347550757,0.1036642458769667
5,Prevalence,380,Palau,2,Female,27,Age-standardized,558,Mental disorders,2,Percent,2019,0.11971556011294114,0.13349061361375428,0.10826606132872055
5,Prevalence,380,Palau,3,Both,27,Age-standardized,558,Mental disorders,2,Percent,2019,0.11650617334379615,0.12897625982111785,0.10630286108685251
5,Prevalence,60,Lithuania,1,Male,27,Age-standardized,558,Mental disorders,2,Percent,2019,0.1268135526734694,0.1385795288220714,0.11601421993200778
5,Prevalence,60,Lithuania,2,Female,27,Age-standardized,558,Mental disorders,2,Percent,2019,0.1362998209403299,0.14982332803554577,0.12424511084325937
5,Prevalence,60,Lithuania,3,Both,27,Age-standardized,558,Mental disorders,2,Percent,2019,0.13248903554940009,0.14461700785699247,0.12149758583317379
5,Prevalence,214,Nigeria,1,Male,27,Age-standardized,558,Mental disorders,2,Percent,2019,0.1043493630177507,0.11187848744512924,0.09666741125866081
5,Prevalence,214,Nigeria,2,Female,27,Age-standardized,558,Mental disorders,2,Percent,2019,0.10946744191089403,0.11747013633109474,0.10217100956909725
5,Prevalence,214,Nigeria,3,Both,27,Age-standardized,558,Mental disorders,2,Percent,2019,0.10717224266310489,0.11475047239480003,0.09985272548890013
5,Prevalence,7,Democratic People's Republic of Korea,1,Male,27,Age-standardized,558,Mental disorders,2,Percent,2019,0.11600884452688011,0.12851399679435033,0.10451916160003263
5,Prevalence,7,Democratic People's Republic of Korea,2,Female,27,Age-standardized,558,Mental disorders,2,Percent,2019,0.11906496076781127,0.13242809452308363,0.10787314281867728
5,Prevalence,7,Democratic People's Republic of Korea,3,Both,27,Age-standardized,558,Mental disorders,2,Percent,2019,0.11810444530908916,0.1301623995538729,0.10741534706368139
5,Prevalence,105,Antigua and Barbuda,1,Male,27,Age-standardized,558,Mental disorders,2,Percent,2019,0.14067598163452139,0.15777752742515955,0.1264637109733501
5,Prevalence,105,Antigua and Barbuda,2,Female,27,Age-standardized,558,Mental disorders,2,Percent,2019,0.14190147507830544,0.15756513009416406,0.12859267903017924
5,Prevalence,105,Antigua and Barbuda,3,Both,27,Age-standardized,558,Mental disorders,2,Percent,2019,0.14177512998098182,0.15713200241892,0.12854416471546518
5,Prevalence,305,Bermuda,1,Male,27,Age-standardized,558,Mental disorders,2,Percent,2019,0.14524304137712826,0.16190744286915607,0.1307037158336652
5,Prevalence,305,Bermuda,2,Female,27,Age-standardized,558,Mental disorders,2,Percent,2019,0.14453670443118546,0.15954329645888551,0.1319740403918087
5,Prevalence,305,Bermuda,3,Both,27,Age-standardized,558,Mental disorders,2,Percent,2019,0.14523439487747555,0.1604594371037781,0.1323475312623266
5,Prevalence,93,Sweden,1,Male,27,Age-standardized,558,Mental disorders,2,Percent,2019,0.14056197903053858,0.15085535451286525,0.13018037431066956
5,Prevalence,93,Sweden,2,Female,27,Age-standardized,558,Mental disorders,2,Percent,2019,0.16570742238278072,0.17746582927839757,0.15468536348557418
5,Prevalence,93,Sweden,3,Both,27,Age-standardized,558,Mental disorders,2,Percent,2019,0.15331858838155385,0.16436357483380173,0.14313242244212346
5,Prevalence,72,New Zealand,1,Male,27,Age-standardized,558,Mental disorders,2,Percent,2019,0.17770964398475889,0.19285161298412395,0.16322359667905145
5,Prevalence,72,New Zealand,2,Female,27,Age-standardized,558,Mental disorders,2,Percent,2019,0.2013083635330461,0.21914772887174183,0.1865324364068914
5,Prevalence,72,New Zealand,3,Both,27,Age-standardized,558,Mental disorders,2,Percent,2019,0.19036637631966924,0.20638406068608733,0.17733780135697308
5,Prevalence,85,Israel,1,Male,27,Age-standardized,558,Mental disorders,2,Percent,2019,0.14308842227340962,0.1563310909906668,0.1318482907153094
5,Prevalence,85,Israel,2,Female,27,Age-standardized,558,Mental disorders,2,Percent,2019,0.1459033316904774,0.15990011778397847,0.1339692324495334
5,Prevalence,85,Israel,3,Both,27,Age-standardized,558,Mental disorders,2,Percent,2019,0.1448335929831232,0.15757149786946892,0.13388878316552108
5,Prevalence,61,Republic of Moldova,1,Male,27,Age-standardized,558,Mental disorders,2,Percent,2019,0.12429068453959632,0.13656892433484435,0.1133721082136134
5,Prevalence,61,Republic of Moldova,2,Female,27,Age-standardized,558,Mental disorders,2,Percent,2019,0.1304033859179417,0.1441562912015381,0.11794914451582046
5,Prevalence,61,Republic of Moldova,3,Both,27,Age-standardized,558,Mental disorders,2,Percent,2019,0.12804476474555682,0.14044350245339282,0.11701441513366743
5,Prevalence,181,Madagascar,1,Male,27,Age-standardized,558,Mental disorders,2,Percent,2019,0.12587751833944893,0.13673310630603275,0.11520631862610425
5,Prevalence,181,Madagascar,2,Female,27,Age-standardized,558,Mental disorders,2,Percent,2019,0.13449838257242505,0.14780883192720828,0.12190840372655753
5,Prevalence,181,Madagascar,3,Both,27,Age-standardized,558,Mental disorders,2,Percent,2019,0.13039223046649462,0.14231279687493106,0.1192530986248459
5,Prevalence,108,Belize,1,Male,27,Age-standardized,558,Mental disorders,2,Percent,2019,0.145121388633152,0.16167169484386898,0.13048322946473714
5,Prevalence,108,Belize,2,Female,27,Age-standardized,558,Mental disorders,2,Percent,2019,0.14130638267506113,0.15668039317199658,0.12878002041364733
5,Prevalence,108,Belize,3,Both,27,Age-standardized,558,Mental disorders,2,Percent,2019,0.14326553990167093,0.15823097603390407,0.13041050767903709
5,Prevalence,148,Morocco,1,Male,27,Age-standardized,558,Mental disorders,2,Percent,2019,0.14904180278669105,0.1625736391751563,0.1365642410903014
5,Prevalence,148,Morocco,2,Female,27,Age-standardized,558,Mental disorders,2,Percent,2019,0.1654138033820891,0.18223742467689943,0.14989654787521214
5,Prevalence,148,Morocco,3,Both,27,Age-standardized,558,Mental disorders,2,Percent,2019,0.15748767018997192,0.17160032183385115,0.14402382848829748
5,Prevalence,17,Sri Lanka,1,Male,27,Age-standardized,558,Mental disorders,2,Percent,2019,0.10896854497651927,0.11925092203260819,0.09980825833639034
5,Prevalence,17,Sri Lanka,2,Female,27,Age-standardized,558,Mental disorders,2,Percent,2019,0.11912559912700724,0.13238355957564527,0.10716193726741798
5,Prevalence,17,Sri Lanka,3,Both,27,Age-standardized,558,Mental disorders,2,Percent,2019,0.11450358889384929,0.12604373130125152,0.10434148086290716
5,Prevalence,8,Taiwan (Province of China),1,Male,27,Age-standardized,558,Mental disorders,2,Percent,2019,0.10151167924035107,0.1126780520745069,0.09211165108517541
5,Prevalence,8,Taiwan (Province of China),2,Female,27,Age-standardized,558,Mental disorders,2,Percent,2019,0.10959152562672983,0.1225543559001117,0.09822321230354578
5,Prevalence,8,Taiwan (Province of China),3,Both,27,Age-standardized,558,Mental disorders,2,Percent,2019,0.10595132984027372,0.11719328758572044,0.09592536871366604
5,Prevalence,127,El Salvador,1,Male,27,Age-standardized,558,Mental disorders,2,Percent,2019,0.12543275961430575,0.13818381768110072,0.1143961124578846
5,Prevalence,127,El Salvador,2,Female,27,Age-standardized,558,Mental disorders,2,Percent,2019,0.13696619705309088,0.15216578247421067,0.12415604640638284
5,Prevalence,127,El Salvador,3,Both,27,Age-standardized,558,Mental disorders,2,Percent,2019,0.1324409319317457,0.14547823869231827,0.12093830611167994
5,Prevalence,351,Guam,1,Male,27,Age-standardized,558,Mental disorders,2,Percent,2019,0.11506964952323841,0.12665640779612453,0.10540345686692311
5,Prevalence,351,Guam,2,Female,27,Age-standardized,558,Mental disorders,2,Percent,2019,0.11655784195110247,0.13022772975264432,0.10487285098292604
5,Prevalence,351,Guam,3,Both,27,Age-standardized,558,Mental disorders,2,Percent,2019,0.11593264220986595,0.12744870088348914,0.10599081896603914
5,Prevalence,193,Botswana,1,Male,27,Age-standardized,558,Mental disorders,2,Percent,2019,0.11517030207294257,0.1261715065836902,0.10550601645136097
5,Prevalence,193,Botswana,2,Female,27,Age-standardized,558,Mental disorders,2,Percent,2019,0.1211988120036303,0.13275816296186935,0.11027201479404837
5,Prevalence,193,Botswana,3,Both,27,Age-standardized,558,Mental disorders,2,Percent,2019,0.11871922942767717,0.12929732207297226,0.10880580856259633
5,Prevalence,28,Solomon Islands,1,Male,27,Age-standardized,558,Mental disorders,2,Percent,2019,0.11917411198700145,0.13104635079468394,0.10852762197382247
5,Prevalence,28,Solomon Islands,2,Female,27,Age-standardized,558,Mental disorders,2,Percent,2019,0.12532555094506823,0.1393719960702639,0.11279356926961785
5,Prevalence,28,Solomon Islands,3,Both,27,Age-standardized,558,Mental disorders,2,Percent,2019,0.1223158929921991,0.13459618694560488,0.11112959732592298
5,Prevalence,320,Cook Islands,1,Male,27,Age-standardized,558,Mental disorders,2,Percent,2019,0.11333049790875822,0.12508019663627745,0.10294389928663045
5,Prevalence,320,Cook Islands,2,Female,27,Age-standardized,558,Mental disorders,2,Percent,2019,0.11900718563023423,0.1327278571231279,0.10744505307889582
5,Prevalence,320,Cook Islands,3,Both,27,Age-standardized,558,Mental disorders,2,Percent,2019,0.11651129413406831,0.12854485107480598,0.10603925786986648
5,Prevalence,94,Switzerland,1,Male,27,Age-standardized,558,Mental disorders,2,Percent,2019,0.1600941456617978,0.17407049057714183,0.1465426378561172
5,Prevalence,94,Switzerland,2,Female,27,Age-standardized,558,Mental disorders,2,Percent,2019,0.1807332440282481,0.19899100546246762,0.16509328375399565
5,Prevalence,94,Switzerland,3,Both,27,Age-standardized,558,Mental disorders,2,Percent,2019,0.17074546835787327,0.18622163819804066,0.15693308328855576
5,Prevalence,171,Democratic Republic of the Congo,1,Male,27,Age-standardized,558,Mental disorders,2,Percent,2019,0.1326557372281862,0.14468282528698223,0.12092115504762631
5,Prevalence,171,Democratic Republic of the Congo,2,Female,27,Age-standardized,558,Mental disorders,2,Percent,2019,0.1397230919175304,0.15354951108604248,0.12701761312986395
5,Prevalence,171,Democratic Republic of the Congo,3,Both,27,Age-standardized,558,Mental disorders,2,Percent,2019,0.13637602388119024,0.1487737539129959,0.12492593072965225
5,Prevalence,170,Congo,1,Male,27,Age-standardized,558,Mental disorders,2,Percent,2019,0.12478096734329114,0.1357003082824283,0.11453920920967638
5,Prevalence,170,Congo,2,Female,27,Age-standardized,558,Mental disorders,2,Percent,2019,0.13562694338741932,0.14895118496744675,0.12303030018093347
5,Prevalence,170,Congo,3,Both,27,Age-standardized,558,Mental disorders,2,Percent,2019,0.1303605407961543,0.14177135952285672,0.11956925746141948
5,Prevalence,83,Iceland,1,Male,27,Age-standardized,558,Mental disorders,2,Percent,2019,0.1397181283941258,0.15331616226718256,0.12746356012165108
5,Prevalence,83,Iceland,2,Female,27,Age-standardized,558,Mental disorders,2,Percent,2019,0.15210669810446809,0.16908184071456542,0.13772817994561126
5,Prevalence,83,Iceland,3,Both,27,Age-standardized,558,Mental disorders,2,Percent,2019,0.14601124743643765,0.16011061145459077,0.13359578578164316
5,Prevalence,39,Tajikistan,1,Male,27,Age-standardized,558,Mental disorders,2,Percent,2019,0.10929882293871689,0.12070630129241125,0.09911827865646816
5,Prevalence,39,Tajikistan,2,Female,27,Age-standardized,558,Mental disorders,2,Percent,2019,0.11080060105081813,0.1208112415773772,0.10121086628835886
5,Prevalence,39,Tajikistan,3,Both,27,Age-standardized,558,Mental disorders,2,Percent,2019,0.11038890700816731,0.1203704356570215,0.10119888861365124
5,Prevalence,215,Sao Tome and Principe,1,Male,27,Age-standardized,558,Mental disorders,2,Percent,2019,0.10612838219777185,0.1160595764840454,0.09690315563978212
5,Prevalence,215,Sao Tome and Principe,2,Female,27,Age-standardized,558,Mental disorders,2,Percent,2019,0.1136049032939818,0.12543353719779163,0.10340090820729315
5,Prevalence,215,Sao Tome and Principe,3,Both,27,Age-standardized,558,Mental disorders,2,Percent,2019,0.10997022963198289,0.1203960152485816,0.10089420775366181
5,Prevalence,18,Thailand,1,Male,27,Age-standardized,558,Mental disorders,2,Percent,2019,0.12327607954044814,0.13659425590632016,0.11118810610481941
5,Prevalence,18,Thailand,2,Female,27,Age-standardized,558,Mental disorders,2,Percent,2019,0.11692292465907105,0.12907023157596245,0.10571704956369396
5,Prevalence,18,Thailand,3,Both,27,Age-standardized,558,Mental disorders,2,Percent,2019,0.12042517220920677,0.13284275732227188,0.10951996475935317
5,Prevalence,160,Afghanistan,1,Male,27,Age-standardized,558,Mental disorders,2,Percent,2019,0.16603959000684973,0.18264195242814274,0.14891225917265152
5,Prevalence,160,Afghanistan,2,Female,27,Age-standardized,558,Mental disorders,2,Percent,2019,0.17618780931096698,0.19507569680788203,0.15815245160845612
5,Prevalence,160,Afghanistan,3,Both,27,Age-standardized,558,Mental disorders,2,Percent,2019,0.17117611733109414,0.18850100027039707,0.15466207329475196
5,Prevalence,194,Lesotho,1,Male,27,Age-standardized,558,Mental disorders,2,Percent,2019,0.12510963347259416,0.13525927801544535,0.11403882959030137
5,Prevalence,194,Lesotho,2,Female,27,Age-standardized,558,Mental disorders,2,Percent,2019,0.1390663623283125,0.15285842162639382,0.12650460146102574
5,Prevalence,194,Lesotho,3,Both,27,Age-standardized,558,Mental disorders,2,Percent,2019,0.1330644112779963,0.14491422797382783,0.12185811533518064
5,Prevalence,29,Tonga,1,Male,27,Age-standardized,558,Mental disorders,2,Percent,2019,0.11181018389142708,0.12299488335958328,0.1014992539864284
5,Prevalence,29,Tonga,2,Female,27,Age-standardized,558,Mental disorders,2,Percent,2019,0.11811533689532719,0.13177490663582572,0.10606669527176557
5,Prevalence,29,Tonga,3,Both,27,Age-standardized,558,Mental disorders,2,Percent,2019,0.1154442534292806,0.12703684457900044,0.10499382891671545
5,Prevalence,106,Bahamas,1,Male,27,Age-standardized,558,Mental disorders,2,Percent,2019,0.14083887663108038,0.15687285994667402,0.12650816349415264
5,Prevalence,106,Bahamas,2,Female,27,Age-standardized,558,Mental disorders,2,Percent,2019,0.14155263165440943,0.1570607388265926,0.12840572562094812
5,Prevalence,106,Bahamas,3,Both,27,Age-standardized,558,Mental disorders,2,Percent,2019,0.14160062866778345,0.1571118522586045,0.1284734808148478
5,Prevalence,385,Puerto Rico,1,Male,27,Age-standardized,558,Mental disorders,2,Percent,2019,0.14476159571003314,0.16148039722098315,0.13048030876709776
5,Prevalence,385,Puerto Rico,2,Female,27,Age-standardized,558,Mental disorders,2,Percent,2019,0.13921788306305444,0.15484806635317103,0.12572488444925334
5,Prevalence,385,Puerto Rico,3,Both,27,Age-standardized,558,Mental disorders,2,Percent,2019,0.14243136830371475,0.15795106414386306,0.1296616756764727
5,Prevalence,74,Andorra,1,Male,27,Age-standardized,558,Mental disorders,2,Percent,2019,0.14667865484128387,0.16064922526764297,0.13471578862946312
5,Prevalence,74,Andorra,2,Female,27,Age-standardized,558,Mental disorders,2,Percent,2019,0.16332639599689838,0.18083224561344088,0.1477621049089406
5,Prevalence,74,Andorra,3,Both,27,Age-standardized,558,Mental disorders,2,Percent,2019,0.1549529358892542,0.16981926650580237,0.14199218105698908
5,Prevalence,139,Algeria,1,Male,27,Age-standardized,558,Mental disorders,2,Percent,2019,0.13934724032052453,0.15243671692865968,0.1279142026039478
5,Prevalence,139,Algeria,2,Female,27,Age-standardized,558,Mental disorders,2,Percent,2019,0.15614533596005822,0.17230191461562588,0.1414945882752048
5,Prevalence,139,Algeria,3,Both,27,Age-standardized,558,Mental disorders,2,Percent,2019,0.1478293096447923,0.16110042448289086,0.13482552254885088
5,Prevalence,116,Saint Lucia,1,Male,27,Age-standardized,558,Mental disorders,2,Percent,2019,0.14621722874420956,0.16259308149980398,0.13209478874471375
5,Prevalence,116,Saint Lucia,2,Female,27,Age-standardized,558,Mental disorders,2,Percent,2019,0.14262865122901097,0.15755150557168385,0.12977384587917282
5,Prevalence,116,Saint Lucia,3,Both,27,Age-standardized,558,Mental disorders,2,Percent,2019,0.14465682532960392,0.16056245943429637,0.13200453852766034
5,Prevalence,40,Turkmenistan,1,Male,27,Age-standardized,558,Mental disorders,2,Percent,2019,0.1034917164691516,0.11341085751443339,0.0946825132386771
5,Prevalence,40,Turkmenistan,2,Female,27,Age-standardized,558,Mental disorders,2,Percent,2019,0.10580629131931732,0.11596024205977241,0.09736145097906117
5,Prevalence,40,Turkmenistan,3,Both,27,Age-standardized,558,Mental disorders,2,Percent,2019,0.10526257577660106,0.11473654698741187,0.09708610673059731
5,Prevalence,119,Trinidad and Tobago,1,Male,27,Age-standardized,558,Mental disorders,2,Percent,2019,0.14801255402790925,0.16439265743421555,0.13377945518822273
5,Prevalence,119,Trinidad and Tobago,2,Female,27,Age-standardized,558,Mental disorders,2,Percent,2019,0.1433606975434124,0.1580846378671009,0.13086589427067372
5,Prevalence,119,Trinidad and Tobago,3,Both,27,Age-standardized,558,Mental disorders,2,Percent,2019,0.145840651563248,0.16044444792898543,0.13343629639150642
5,Prevalence,53,Serbia,1,Male,27,Age-standardized,558,Mental disorders,2,Percent,2019,0.10728754421699256,0.11801580437612665,0.09786636299219471
5,Prevalence,53,Serbia,2,Female,27,Age-standardized,558,Mental disorders,2,Percent,2019,0.11919021373980988,0.13123354012836205,0.10803647047719733
5,Prevalence,53,Serbia,3,Both,27,Age-standardized,558,Mental disorders,2,Percent,2019,0.113794795016551,0.12477182033498392,0.10400218232067863
5,Prevalence,11,Indonesia,1,Male,27,Age-standardized,558,Mental disorders,2,Percent,2019,0.10105778628344589,0.10939646289747121,0.09286320136935822
5,Prevalence,11,Indonesia,2,Female,27,Age-standardized,558,Mental disorders,2,Percent,2019,0.11212403034194028,0.12123112864925176,0.10341225093036885
5,Prevalence,11,Indonesia,3,Both,27,Age-standardized,558,Mental disorders,2,Percent,2019,0.10675985007919586,0.1151122627800994,0.09837105171691367
5,Prevalence,107,Barbados,1,Male,27,Age-standardized,558,Mental disorders,2,Percent,2019,0.14441430141291584,0.16127008091568085,0.13031141741164676
5,Prevalence,107,Barbados,2,Female,27,Age-standardized,558,Mental disorders,2,Percent,2019,0.14221627409661838,0.15773076359048524,0.12921300680072134
5,Prevalence,107,Barbados,3,Both,27,Age-standardized,558,Mental disorders,2,Percent,2019,0.14383955115530797,0.15964914937745994,0.13095415754012715
5,Prevalence,208,Guinea,1,Male,27,Age-standardized,558,Mental disorders,2,Percent,2019,0.11301931897736395,0.12383499166896612,0.10346774174056984
5,Prevalence,208,Guinea,2,Female,27,Age-standardized,558,Mental disorders,2,Percent,2019,0.12333267970337386,0.13548545777109902,0.11193579909911902
5,Prevalence,208,Guinea,3,Both,27,Age-standardized,558,Mental disorders,2,Percent,2019,0.11847368599504908,0.1299785920440467,0.1082761511097235
5,Prevalence,95,United Kingdom,1,Male,27,Age-standardized,558,Mental disorders,2,Percent,2019,0.14958118903962775,0.16058797051500112,0.13916102041037756
5,Prevalence,95,United Kingdom,2,Female,27,Age-standardized,558,Mental disorders,2,Percent,2019,0.15257177234341224,0.163584106706648,0.14222323448104301
5,Prevalence,95,United Kingdom,3,Both,27,Age-standardized,558,Mental disorders,2,Percent,2019,0.15130748614266543,0.1619091554229124,0.1413757502919455
5,Prevalence,62,Russian Federation,1,Male,27,Age-standardized,558,Mental disorders,2,Percent,2019,0.11289332477062368,0.121948556099661,0.10422224340641686
5,Prevalence,62,Russian Federation,2,Female,27,Age-standardized,558,Mental disorders,2,Percent,2019,0.11243144449536362,0.12083388221309431,0.10418615046718407
5,Prevalence,62,Russian Federation,3,Both,27,Age-standardized,558,Mental disorders,2,Percent,2019,0.1132027708589342,0.1216602291776821,0.10515829382910152
5,Prevalence,131,Nicaragua,1,Male,27,Age-standardized,558,Mental disorders,2,Percent,2019,0.12739265368404357,0.14064230104080436,0.11677135025249212
5,Prevalence,131,Nicaragua,2,Female,27,Age-standardized,558,Mental disorders,2,Percent,2019,0.1368129282068978,0.15094119409488974,0.12419583188762488
5,Prevalence,131,Nicaragua,3,Both,27,Age-standardized,558,Mental disorders,2,Percent,2019,0.1326539329205507,0.14601320511070287,0.12170648659598743
5,Prevalence,55,Slovenia,1,Male,27,Age-standardized,558,Mental disorders,2,Percent,2019,0.10826613279439698,0.11829367270681432,0.09885785093758796
5,Prevalence,55,Slovenia,2,Female,27,Age-standardized,558,Mental disorders,2,Percent,2019,0.12362368991103338,0.13610530582007294,0.11279910013048504
5,Prevalence,55,Slovenia,3,Both,27,Age-standardized,558,Mental disorders,2,Percent,2019,0.11626011834158544,0.12691335094100342,0.10696706382790448
5,Prevalence,195,Namibia,1,Male,27,Age-standardized,558,Mental disorders,2,Percent,2019,0.10966563616726546,0.11973441847674746,0.10057501494315599
5,Prevalence,195,Namibia,2,Female,27,Age-standardized,558,Mental disorders,2,Percent,2019,0.11148099374472796,0.12332709686821877,0.10131597639540786
5,Prevalence,195,Namibia,3,Both,27,Age-standardized,558,Mental disorders,2,Percent,2019,0.11094356633700034,0.12125148172206475,0.10148857486040008
5,Prevalence,205,Côte d'Ivoire,1,Male,27,Age-standardized,558,Mental disorders,2,Percent,2019,0.1094714620635452,0.11915106111596065,0.10055783794899463
5,Prevalence,205,Côte d'Ivoire,2,Female,27,Age-standardized,558,Mental disorders,2,Percent,2019,0.11460241264126714,0.12631917085907943,0.10439346819880123
5,Prevalence,205,Côte d'Ivoire,3,Both,27,Age-standardized,558,Mental disorders,2,Percent,2019,0.11193055351755163,0.12237696074540244,0.1028247534982147
5,Prevalence,84,Ireland,1,Male,27,Age-standardized,558,Mental disorders,2,Percent,2019,0.16668901579089976,0.18143716337405874,0.15329754702171114
5,Prevalence,84,Ireland,2,Female,27,Age-standardized,558,Mental disorders,2,Percent,2019,0.18431482310644487,0.2034067250747591,0.16656993425036826
5,Prevalence,84,Ireland,3,Both,27,Age-standardized,558,Mental disorders,2,Percent,2019,0.17609453542686065,0.19152223337950755,0.16135667374027218
5,Prevalence,140,Bahrain,1,Male,27,Age-standardized,558,Mental disorders,2,Percent,2019,0.1396429363271623,0.15157508560987878,0.12797146932031694
5,Prevalence,140,Bahrain,2,Female,27,Age-standardized,558,Mental disorders,2,Percent,2019,0.1572489736772184,0.17454934066157152,0.14224306098570258
5,Prevalence,140,Bahrain,3,Both,27,Age-standardized,558,Mental disorders,2,Percent,2019,0.1457068682037371,0.1593057552055023,0.13363044266560448
5,Prevalence,150,Oman,1,Male,27,Age-standardized,558,Mental disorders,2,Percent,2019,0.13244558861501837,0.14462679127188285,0.12150809668742794
5,Prevalence,150,Oman,2,Female,27,Age-standardized,558,Mental disorders,2,Percent,2019,0.14946845545948417,0.16549439537795296,0.13545631028287777
5,Prevalence,150,Oman,3,Both,27,Age-standardized,558,Mental disorders,2,Percent,2019,0.137300889564849,0.15004169310157706,0.1257057030101271
5,Prevalence,161,Bangladesh,1,Male,27,Age-standardized,558,Mental disorders,2,Percent,2019,0.1137629555350767,0.12507030480752424,0.1041354711112085
5,Prevalence,161,Bangladesh,2,Female,27,Age-standardized,558,Mental disorders,2,Percent,2019,0.12187652079067687,0.13364353384269556,0.11091193264856133
5,Prevalence,161,Bangladesh,3,Both,27,Age-standardized,558,Mental disorders,2,Percent,2019,0.11801304673787001,0.1291636739446548,0.10821147366689034
5,Prevalence,141,Egypt,1,Male,27,Age-standardized,558,Mental disorders,2,Percent,2019,0.1392503011355447,0.15290765027767922,0.12655117085560863
5,Prevalence,141,Egypt,2,Female,27,Age-standardized,558,Mental disorders,2,Percent,2019,0.1528907996557782,0.16865811167219574,0.1384263712518107
5,Prevalence,141,Egypt,3,Both,27,Age-standardized,558,Mental disorders,2,Percent,2019,0.1458079800098706,0.15961129156956347,0.13278729390135335
5,Prevalence,117,Saint Vincent and the Grenadines,1,Male,27,Age-standardized,558,Mental disorders,2,Percent,2019,0.146995945692889,0.1637522757150201,0.133052840961787
5,Prevalence,117,Saint Vincent and the Grenadines,2,Female,27,Age-standardized,558,Mental disorders,2,Percent,2019,0.14185648356419672,0.15813208072178322,0.12869831700906745
5,Prevalence,117,Saint Vincent and the Grenadines,3,Both,27,Age-standardized,558,Mental disorders,2,Percent,2019,0.14445034513035676,0.15970932572699803,0.13167650528557984
5,Prevalence,10,Cambodia,1,Male,27,Age-standardized,558,Mental disorders,2,Percent,2019,0.11477125316328686,0.12585320446104067,0.10439527680403886
5,Prevalence,10,Cambodia,2,Female,27,Age-standardized,558,Mental disorders,2,Percent,2019,0.13083841382251823,0.14555036432594098,0.11748627932967924
5,Prevalence,10,Cambodia,3,Both,27,Age-standardized,558,Mental disorders,2,Percent,2019,0.12360887487112754,0.1365256782377423,0.11205072344096773
5,Prevalence,393,Saint Kitts and Nevis,1,Male,27,Age-standardized,558,Mental disorders,2,Percent,2019,0.1496537898516927,0.16637076454943567,0.13426865643097913
5,Prevalence,393,Saint Kitts and Nevis,2,Female,27,Age-standardized,558,Mental disorders,2,Percent,2019,0.15213726565232438,0.16906902915393812,0.1379352191637641
5,Prevalence,393,Saint Kitts and Nevis,3,Both,27,Age-standardized,558,Mental disorders,2,Percent,2019,0.15098794137568392,0.1667728821954644,0.1368426333603996
5,Prevalence,30,Vanuatu,1,Male,27,Age-standardized,558,Mental disorders,2,Percent,2019,0.11717453320226576,0.1290893638809064,0.10684895478777238
5,Prevalence,30,Vanuatu,2,Female,27,Age-standardized,558,Mental disorders,2,Percent,2019,0.12222953966449963,0.13594539532213878,0.1105909703738559
5,Prevalence,30,Vanuatu,3,Both,27,Age-standardized,558,Mental disorders,2,Percent,2019,0.11967140045689974,0.13177574938075262,0.10925745927723189
5,Prevalence,41,Uzbekistan,1,Male,27,Age-standardized,558,Mental disorders,2,Percent,2019,0.10562838193345502,0.11600886779147816,0.09608835218922396
5,Prevalence,41,Uzbekistan,2,Female,27,Age-standardized,558,Mental disorders,2,Percent,2019,0.1044996642067653,0.11431469302492715,0.09586243119919297
5,Prevalence,41,Uzbekistan,3,Both,27,Age-standardized,558,Mental disorders,2,Percent,2019,0.10562453532825732,0.11496340488990348,0.09707314662012262
5,Prevalence,12,Lao People's Democratic Republic,1,Male,27,Age-standardized,558,Mental disorders,2,Percent,2019,0.11681967097648421,0.12804349994645797,0.1064630391571203
5,Prevalence,12,Lao People's Democratic Republic,2,Female,27,Age-standardized,558,Mental disorders,2,Percent,2019,0.12372709491965614,0.1367078003988351,0.11206582241423141
5,Prevalence,12,Lao People's Democratic Republic,3,Both,27,Age-standardized,558,Mental disorders,2,Percent,2019,0.12039653649071193,0.13232739978354285,0.10985867928338834
5,Prevalence,128,Guatemala,1,Male,27,Age-standardized,558,Mental disorders,2,Percent,2019,0.12373503918799993,0.1364929317248551,0.11269583404202507
5,Prevalence,128,Guatemala,2,Female,27,Age-standardized,558,Mental disorders,2,Percent,2019,0.1387218138965684,0.15316397782239966,0.12646072452563809
5,Prevalence,128,Guatemala,3,Both,27,Age-standardized,558,Mental disorders,2,Percent,2019,0.13230420271216306,0.1449640462586041,0.12130883572977827
5,Prevalence,19,Timor-Leste,1,Male,27,Age-standardized,558,Mental disorders,2,Percent,2019,0.1068297375172159,0.11676643923161192,0.09724400635700732
5,Prevalence,19,Timor-Leste,2,Female,27,Age-standardized,558,Mental disorders,2,Percent,2019,0.11797496426034994,0.131383232192042,0.10529131373713324
5,Prevalence,19,Timor-Leste,3,Both,27,Age-standardized,558,Mental disorders,2,Percent,2019,0.11244955164730584,0.12361724812738469,0.10223786269531036
5,Prevalence,217,Sierra Leone,1,Male,27,Age-standardized,558,Mental disorders,2,Percent,2019,0.11747485715937919,0.1283725825636222,0.1076204805636494
5,Prevalence,217,Sierra Leone,2,Female,27,Age-standardized,558,Mental disorders,2,Percent,2019,0.12904229211405793,0.14051630280646987,0.11767415946398051
5,Prevalence,217,Sierra Leone,3,Both,27,Age-standardized,558,Mental disorders,2,Percent,2019,0.12329599085605,0.1342986815586019,0.11290834470900922
5,Prevalence,149,Palestine,1,Male,27,Age-standardized,558,Mental disorders,2,Percent,2019,0.1776883397847173,0.19284632133412868,0.16256935512600856
5,Prevalence,149,Palestine,2,Female,27,Age-standardized,558,Mental disorders,2,Percent,2019,0.18482341983581108,0.20398008596085368,0.16804591693380838
5,Prevalence,149,Palestine,3,Both,27,Age-standardized,558,Mental disorders,2,Percent,2019,0.18139665588032874,0.19742097519979648,0.16639102839916367
5,Prevalence,216,Senegal,1,Male,27,Age-standardized,558,Mental disorders,2,Percent,2019,0.10880581571277972,0.11860492918421603,0.09959842547631743
5,Prevalence,216,Senegal,2,Female,27,Age-standardized,558,Mental disorders,2,Percent,2019,0.11084196162176434,0.1214888957312283,0.10094414017699849
5,Prevalence,216,Senegal,3,Both,27,Age-standardized,558,Mental disorders,2,Percent,2019,0.10999938647929916,0.12030734488902975,0.10064686133465998
5,Prevalence,52,Romania,1,Male,27,Age-standardized,558,Mental disorders,2,Percent,2019,0.10600057953869879,0.11675797083610177,0.09669220606968834
5,Prevalence,52,Romania,2,Female,27,Age-standardized,558,Mental disorders,2,Percent,2019,0.11510035138289772,0.12678492816560302,0.10453366163655468
5,Prevalence,52,Romania,3,Both,27,Age-standardized,558,Mental disorders,2,Percent,2019,0.1110257338806637,0.12143329720861515,0.10167941815606726
5,Prevalence,151,Qatar,1,Male,27,Age-standardized,558,Mental disorders,2,Percent,2019,0.1346089074556458,0.14629692749393639,0.12344413178146527
5,Prevalence,151,Qatar,2,Female,27,Age-standardized,558,Mental disorders,2,Percent,2019,0.1513414294162081,0.16771270613140174,0.13705031519521607
5,Prevalence,151,Qatar,3,Both,27,Age-standardized,558,Mental disorders,2,Percent,2019,0.1362765279058072,0.14875056636267392,0.1251709365040605
5,Prevalence,89,Netherlands,1,Male,27,Age-standardized,558,Mental disorders,2,Percent,2019,0.15762745331378153,0.17326708948027597,0.1435528403774422
5,Prevalence,89,Netherlands,2,Female,27,Age-standardized,558,Mental disorders,2,Percent,2019,0.1734892284666201,0.1949222887112421,0.1572110354178699
5,Prevalence,89,Netherlands,3,Both,27,Age-standardized,558,Mental disorders,2,Percent,2019,0.16598943762840657,0.18453157667716139,0.15150229830723855
5,Prevalence,182,Malawi,1,Male,27,Age-standardized,558,Mental disorders,2,Percent,2019,0.12043517386715144,0.1317864632699669,0.10964230780861964
5,Prevalence,182,Malawi,2,Female,27,Age-standardized,558,Mental disorders,2,Percent,2019,0.12854649586274608,0.14117495362786991,0.11661842881076748
5,Prevalence,182,Malawi,3,Both,27,Age-standardized,558,Mental disorders,2,Percent,2019,0.12499132992036534,0.13667270120384434,0.11407149603104201
5,Prevalence,172,Equatorial Guinea,1,Male,27,Age-standardized,558,Mental disorders,2,Percent,2019,0.1261140731973627,0.137592431371711,0.11598571746078137
5,Prevalence,172,Equatorial Guinea,2,Female,27,Age-standardized,558,Mental disorders,2,Percent,2019,0.13712778888884228,0.15104197691189353,0.12471332830894516
5,Prevalence,172,Equatorial Guinea,3,Both,27,Age-standardized,558,Mental disorders,2,Percent,2019,0.13207870820828618,0.14352463724530132,0.1211536386746585
5,Prevalence,349,Greenland,1,Male,27,Age-standardized,558,Mental disorders,2,Percent,2019,0.17042448690564577,0.18675044257025644,0.156493817066983
5,Prevalence,349,Greenland,2,Female,27,Age-standardized,558,Mental disorders,2,Percent,2019,0.18121868124220075,0.19942542188474233,0.16567688858213786
5,Prevalence,349,Greenland,3,Both,27,Age-standardized,558,Mental disorders,2,Percent,2019,0.17542867152302188,0.19169585288043697,0.16176748873636815
5,Prevalence,413,Tokelau,1,Male,27,Age-standardized,558,Mental disorders,2,Percent,2019,0.11508396339121292,0.12713196019354056,0.10448697410330142
5,Prevalence,413,Tokelau,2,Female,27,Age-standardized,558,Mental disorders,2,Percent,2019,0.12095508430026466,0.1351745385373857,0.10879534757082175
5,Prevalence,413,Tokelau,3,Both,27,Age-standardized,558,Mental disorders,2,Percent,2019,0.11814694594124185,0.13009350635670291,0.10709207779212505
5,Prevalence,206,Gambia,1,Male,27,Age-standardized,558,Mental disorders,2,Percent,2019,0.11323126338377641,0.12374927792113687,0.10354717841620663
5,Prevalence,206,Gambia,2,Female,27,Age-standardized,558,Mental disorders,2,Percent,2019,0.1464734498752864,0.1609013979516105,0.13279721602695124
5,Prevalence,206,Gambia,3,Both,27,Age-standardized,558,Mental disorders,2,Percent,2019,0.13048144501104816,0.14217984527873645,0.11940304432152639
5,Prevalence,109,Cuba,1,Male,27,Age-standardized,558,Mental disorders,2,Percent,2019,0.15256970721311477,0.16903354440291282,0.1382927973195557
5,Prevalence,109,Cuba,2,Female,27,Age-standardized,558,Mental disorders,2,Percent,2019,0.1496093089673592,0.1652667763343882,0.13641006526968366
5,Prevalence,109,Cuba,3,Both,27,Age-standardized,558,Mental disorders,2,Percent,2019,0.15146299380674327,0.1671740403201895,0.13886441252567805
5,Prevalence,162,Bhutan,1,Male,27,Age-standardized,558,Mental disorders,2,Percent,2019,0.11993857124027374,0.13063570703864014,0.10987575313355483
5,Prevalence,162,Bhutan,2,Female,27,Age-standardized,558,Mental disorders,2,Percent,2019,0.12179266148216833,0.13351299749123477,0.11055851542387811
5,Prevalence,162,Bhutan,3,Both,27,Age-standardized,558,Mental disorders,2,Percent,2019,0.12069356110964663,0.13120121232317172,0.11068612780026794
5,Prevalence,196,South Africa,1,Male,27,Age-standardized,558,Mental disorders,2,Percent,2019,0.1115921127518705,0.1195975807104169,0.10379247461387632
5,Prevalence,196,South Africa,2,Female,27,Age-standardized,558,Mental disorders,2,Percent,2019,0.12694384802493763,0.13554833305116348,0.11836521438122272
5,Prevalence,196,South Africa,3,Both,27,Age-standardized,558,Mental disorders,2,Percent,2019,0.12011337918398722,0.12822887559306462,0.11242143661795798
5,Prevalence,20,Viet Nam,1,Male,27,Age-standardized,558,Mental disorders,2,Percent,2019,0.08778587596384611,0.09652238485662429,0.07984232663239489
5,Prevalence,20,Viet Nam,2,Female,27,Age-standardized,558,Mental disorders,2,Percent,2019,0.10162000947359998,0.11244986725254574,0.092324734051647
5,Prevalence,20,Viet Nam,3,Both,27,Age-standardized,558,Mental disorders,2,Percent,2019,0.09515834743143083,0.1043046411876078,0.08718950650527334
5,Prevalence,129,Honduras,1,Male,27,Age-standardized,558,Mental disorders,2,Percent,2019,0.12123162030243365,0.1338438705995929,0.11058973056504734
5,Prevalence,129,Honduras,2,Female,27,Age-standardized,558,Mental disorders,2,Percent,2019,0.13155987882266065,0.14501542020664734,0.11919427566520731
5,Prevalence,129,Honduras,3,Both,27,Age-standardized,558,Mental disorders,2,Percent,2019,0.12706466020011595,0.13930816536216828,0.11597707887123515
5,Prevalence,396,San Marino,1,Male,27,Age-standardized,558,Mental disorders,2,Percent,2019,0.14950371939397492,0.16369545611767536,0.13773459122115955
5,Prevalence,396,San Marino,2,Female,27,Age-standardized,558,Mental disorders,2,Percent,2019,0.1673493989181774,0.18725011608658174,0.1511985167208628
5,Prevalence,396,San Marino,3,Both,27,Age-standardized,558,Mental disorders,2,Percent,2019,0.15939508553922094,0.1758261717482853,0.1460107197161441
5,Prevalence,63,Ukraine,1,Male,27,Age-standardized,558,Mental disorders,2,Percent,2019,0.12110591326402126,0.13084210871972116,0.11166603161585167
5,Prevalence,63,Ukraine,2,Female,27,Age-standardized,558,Mental disorders,2,Percent,2019,0.12502110013116102,0.1344608323012281,0.11559140772443807
5,Prevalence,63,Ukraine,3,Both,27,Age-standardized,558,Mental disorders,2,Percent,2019,0.12397846838155133,0.13338879728948244,0.11496543369267949
5,Prevalence,76,Belgium,1,Male,27,Age-standardized,558,Mental disorders,2,Percent,2019,0.1476766176994686,0.16057759584058973,0.1356843586548123
5,Prevalence,76,Belgium,2,Female,27,Age-standardized,558,Mental disorders,2,Percent,2019,0.15114666649835629,0.167687318310763,0.13751214876852955
5,Prevalence,76,Belgium,3,Both,27,Age-standardized,558,Mental disorders,2,Percent,2019,0.14964608019943074,0.163637577435077,0.13711963441373515
5,Prevalence,197,Eswatini,1,Male,27,Age-standardized,558,Mental disorders,2,Percent,2019,0.11679412212724984,0.12727491395858162,0.10723897501537796
5,Prevalence,197,Eswatini,2,Female,27,Age-standardized,558,Mental disorders,2,Percent,2019,0.1205334502817605,0.13244839683662096,0.10961289776869491
5,Prevalence,197,Eswatini,3,Both,27,Age-standardized,558,Mental disorders,2,Percent,2019,0.11932739245156272,0.1298745396652526,0.10975721204360295
5,Prevalence,33,Armenia,1,Male,27,Age-standardized,558,Mental disorders,2,Percent,2019,0.11088320921384993,0.12167729357399241,0.1009382731785928
5,Prevalence,33,Armenia,2,Female,27,Age-standardized,558,Mental disorders,2,Percent,2019,0.11483152114485572,0.1259715431465551,0.10444315399765336
5,Prevalence,33,Armenia,3,Both,27,Age-standardized,558,Mental disorders,2,Percent,2019,0.11380133358461708,0.12426629637584033,0.1040839946481679
5,Prevalence,184,Mozambique,1,Male,27,Age-standardized,558,Mental disorders,2,Percent,2019,0.12905046218680785,0.1413028471183663,0.11807592188908965
5,Prevalence,184,Mozambique,2,Female,27,Age-standardized,558,Mental disorders,2,Percent,2019,0.13712797755829537,0.15076236819551814,0.12476876529251853
5,Prevalence,184,Mozambique,3,Both,27,Age-standardized,558,Mental disorders,2,Percent,2019,0.13366409594560144,0.14574716017999653,0.12235554836573334
5,Prevalence,173,Gabon,1,Male,27,Age-standardized,558,Mental disorders,2,Percent,2019,0.12778010750412466,0.13919077579620084,0.11749775124113254
5,Prevalence,173,Gabon,2,Female,27,Age-standardized,558,Mental disorders,2,Percent,2019,0.13401180629936885,0.14760458094659656,0.12170637026201724
5,Prevalence,173,Gabon,3,Both,27,Age-standardized,558,Mental disorders,2,Percent,2019,0.131118504154782,0.14332464296909384,0.12051963561538655
5,Prevalence,67,Japan,1,Male,27,Age-standardized,558,Mental disorders,2,Percent,2019,0.1168849995772088,0.1276828461924704,0.10676054688434877
5,Prevalence,67,Japan,2,Female,27,Age-standardized,558,Mental disorders,2,Percent,2019,0.09445601001349614,0.10137341763704513,0.08793824383798354
5,Prevalence,67,Japan,3,Both,27,Age-standardized,558,Mental disorders,2,Percent,2019,0.10575303942218406,0.11414339404574611,0.09821995830701023
5,Prevalence,163,India,1,Male,27,Age-standardized,558,Mental disorders,2,Percent,2019,0.13385933230344943,0.14662731286027472,0.12008992151125576
5,Prevalence,163,India,2,Female,27,Age-standardized,558,Mental disorders,2,Percent,2019,0.14063079500342668,0.15363013978950962,0.1259960475507614
5,Prevalence,163,India,3,Both,27,Age-standardized,558,Mental disorders,2,Percent,2019,0.13733237443363489,0.15021400419177863,0.12308000829744492
5,Prevalence,54,Slovakia,1,Male,27,Age-standardized,558,Mental disorders,2,Percent,2019,0.10462338149513892,0.11494512823976004,0.09502862907847417
5,Prevalence,54,Slovakia,2,Female,27,Age-standardized,558,Mental disorders,2,Percent,2019,0.11817544201447253,0.1297558608002195,0.10732324567245174
5,Prevalence,54,Slovakia,3,Both,27,Age-standardized,558,Mental disorders,2,Percent,2019,0.11205733914283919,0.12244942185639582,0.10221440928088776
5,Prevalence,130,Mexico,1,Male,27,Age-standardized,558,Mental disorders,2,Percent,2019,0.11365616927097164,0.12284690747001822,0.10539859753213643
5,Prevalence,130,Mexico,2,Female,27,Age-standardized,558,Mental disorders,2,Percent,2019,0.13019808754968337,0.1394915528035364,0.12128733154800385
5,Prevalence,130,Mexico,3,Both,27,Age-standardized,558,Mental disorders,2,Percent,2019,0.12261681588209329,0.1312375545627543,0.11445114665978343
5,Prevalence,34,Azerbaijan,1,Male,27,Age-standardized,558,Mental disorders,2,Percent,2019,0.10228052096369777,0.11185820373581808,0.09330255038751561
5,Prevalence,34,Azerbaijan,2,Female,27,Age-standardized,558,Mental disorders,2,Percent,2019,0.1047302584627226,0.11496115819749436,0.09572806698794693
5,Prevalence,34,Azerbaijan,3,Both,27,Age-standardized,558,Mental disorders,2,Percent,2019,0.10422229054973983,0.11360517166276102,0.09553870624330597
5,Prevalence,183,Mauritius,1,Male,27,Age-standardized,558,Mental disorders,2,Percent,2019,0.10887025091963241,0.11946181104907683,0.09944998702278027
5,Prevalence,183,Mauritius,2,Female,27,Age-standardized,558,Mental disorders,2,Percent,2019,0.12768214956461493,0.14116397683774465,0.11553190274168691
5,Prevalence,183,Mauritius,3,Both,27,Age-standardized,558,Mental disorders,2,Percent,2019,0.1186021683253978,0.1301384008559917,0.10853943400971108
5,Prevalence,111,Dominican Republic,1,Male,27,Age-standardized,558,Mental disorders,2,Percent,2019,0.1485073960248497,0.1655175433015859,0.13399243350011802
5,Prevalence,111,Dominican Republic,2,Female,27,Age-standardized,558,Mental disorders,2,Percent,2019,0.1519334006904424,0.16694588844323,0.13820465484024994
5,Prevalence,111,Dominican Republic,3,Both,27,Age-standardized,558,Mental disorders,2,Percent,2019,0.15039120216927546,0.1655696058691989,0.13736804705444886
5,Prevalence,185,Rwanda,1,Male,27,Age-standardized,558,Mental disorders,2,Percent,2019,0.12297753563741187,0.13352739480903747,0.11288079209785189
5,Prevalence,185,Rwanda,2,Female,27,Age-standardized,558,Mental disorders,2,Percent,2019,0.13676693869414192,0.1501976450296273,0.12474560547652275
5,Prevalence,185,Rwanda,3,Both,27,Age-standardized,558,Mental disorders,2,Percent,2019,0.13079750109942317,0.14228404722864815,0.11990781285529928
5,Prevalence,209,Guinea-Bissau,1,Male,27,Age-standardized,558,Mental disorders,2,Percent,2019,0.1121937793181913,0.12234206579855303,0.10226833031261642
5,Prevalence,209,Guinea-Bissau,2,Female,27,Age-standardized,558,Mental disorders,2,Percent,2019,0.12207163319212087,0.1338673351862022,0.11039908510856908
5,Prevalence,209,Guinea-Bissau,3,Both,27,Age-standardized,558,Mental disorders,2,Percent,2019,0.11772650929939683,0.12798168132140159,0.10764725042690337
5,Prevalence,77,Cyprus,1,Male,27,Age-standardized,558,Mental disorders,2,Percent,2019,0.14575881687955394,0.1607497641615444,0.13264174158893288
5,Prevalence,77,Cyprus,2,Female,27,Age-standardized,558,Mental disorders,2,Percent,2019,0.16685496328022242,0.18642579582939317,0.14919093771394115
5,Prevalence,77,Cyprus,3,Both,27,Age-standardized,558,Mental disorders,2,Percent,2019,0.15701163118200487,0.1734696381062924,0.1423103105043271
5,Prevalence,43,Albania,1,Male,27,Age-standardized,558,Mental disorders,2,Percent,2019,0.10807973296923629,0.11902964245369381,0.09831131725825559
5,Prevalence,43,Albania,2,Female,27,Age-standardized,558,Mental disorders,2,Percent,2019,0.12217872565386176,0.13529109940909947,0.11028323485573781
5,Prevalence,43,Albania,3,Both,27,Age-standardized,558,Mental disorders,2,Percent,2019,0.11558430988969312,0.1268363620369573,0.10542096984048231
5,Prevalence,200,Benin,1,Male,27,Age-standardized,558,Mental disorders,2,Percent,2019,0.11514861821482901,0.12536974118540642,0.10543106982115016
5,Prevalence,200,Benin,2,Female,27,Age-standardized,558,Mental disorders,2,Percent,2019,0.12122926121054411,0.1330554407044426,0.11048661200403179
5,Prevalence,200,Benin,3,Both,27,Age-standardized,558,Mental disorders,2,Percent,2019,0.1184950149146743,0.1290969242227659,0.10854243260802854
5,Prevalence,86,Italy,1,Male,27,Age-standardized,558,Mental disorders,2,Percent,2019,0.13643466023928066,0.1476562557468711,0.12643465918886504
5,Prevalence,86,Italy,2,Female,27,Age-standardized,558,Mental disorders,2,Percent,2019,0.1630998963868355,0.17595152352382035,0.15156378615882043
5,Prevalence,86,Italy,3,Both,27,Age-standardized,558,Mental disorders,2,Percent,2019,0.1503392901278635,0.16132682734842785,0.14011081612132062
5,Prevalence,218,Togo,1,Male,27,Age-standardized,558,Mental disorders,2,Percent,2019,0.1185184968928287,0.1292516699801188,0.10842794285915307
5,Prevalence,218,Togo,2,Female,27,Age-standardized,558,Mental disorders,2,Percent,2019,0.12632471429792827,0.13820720596951144,0.11491073183702843
5,Prevalence,218,Togo,3,Both,27,Age-standardized,558,Mental disorders,2,Percent,2019,0.1230712650595274,0.1339566608541064,0.11282495733690116
5,Prevalence,122,Ecuador,1,Male,27,Age-standardized,558,Mental disorders,2,Percent,2019,0.1401068443537226,0.1547917849823326,0.12803730701004956
5,Prevalence,122,Ecuador,2,Female,27,Age-standardized,558,Mental disorders,2,Percent,2019,0.1509430728835235,0.1688608476135337,0.13665284937546848
5,Prevalence,122,Ecuador,3,Both,27,Age-standardized,558,Mental disorders,2,Percent,2019,0.14588155256109891,0.16134685304989743,0.13338310536158537
5,Prevalence,207,Ghana,1,Male,27,Age-standardized,558,Mental disorders,2,Percent,2019,0.11109275547086729,0.12059178132686632,0.10210538443469493
5,Prevalence,207,Ghana,2,Female,27,Age-standardized,558,Mental disorders,2,Percent,2019,0.11612624141445033,0.1279248276540675,0.10586014313776945
5,Prevalence,207,Ghana,3,Both,27,Age-standardized,558,Mental disorders,2,Percent,2019,0.11403359423526357,0.12443257037117621,0.10475335719418222
5,Prevalence,99,Uruguay,1,Male,27,Age-standardized,558,Mental disorders,2,Percent,2019,0.12881670795572017,0.14214151547662987,0.1178365567951904
5,Prevalence,99,Uruguay,2,Female,27,Age-standardized,558,Mental disorders,2,Percent,2019,0.1520918617823403,0.17001435297451548,0.13632338796520535
5,Prevalence,99,Uruguay,3,Both,27,Age-standardized,558,Mental disorders,2,Percent,2019,0.14152220302966395,0.15579176622419927,0.12908341753201202
5,Prevalence,66,Brunei Darussalam,1,Male,27,Age-standardized,558,Mental disorders,2,Percent,2019,0.1089575221204852,0.1216444941758189,0.0986692348759042
5,Prevalence,66,Brunei Darussalam,2,Female,27,Age-standardized,558,Mental disorders,2,Percent,2019,0.09753498932084431,0.10763662790490637,0.08854578763756106
5,Prevalence,66,Brunei Darussalam,3,Both,27,Age-standardized,558,Mental disorders,2,Percent,2019,0.10355372112590777,0.11444728045495571,0.09462071974904931
5,Prevalence,155,Turkey,1,Male,27,Age-standardized,558,Mental disorders,2,Percent,2019,0.13584980969358196,0.1488890163270505,0.12419783301318951
5,Prevalence,155,Turkey,2,Female,27,Age-standardized,558,Mental disorders,2,Percent,2019,0.1516743471749282,0.1673223515921728,0.13789991045553943
5,Prevalence,155,Turkey,3,Both,27,Age-standardized,558,Mental disorders,2,Percent,2019,0.1439793113493725,0.15723527355246442,0.13185915693146452
5,Prevalence,142,Iran (Islamic Republic of),1,Male,27,Age-standardized,558,Mental disorders,2,Percent,2019,0.17915943345762617,0.19468737454245644,0.16421324390914194
5,Prevalence,142,Iran (Islamic Republic of),2,Female,27,Age-standardized,558,Mental disorders,2,Percent,2019,0.19836518650028875,0.21346227866248932,0.18375682192719686
5,Prevalence,142,Iran (Islamic Republic of),3,Both,27,Age-standardized,558,Mental disorders,2,Percent,2019,0.18887646392449084,0.20372588794676308,0.17485033163423433
5,Prevalence,87,Luxembourg,1,Male,27,Age-standardized,558,Mental disorders,2,Percent,2019,0.14144848559689066,0.15498035202371818,0.1293080112334133
5,Prevalence,87,Luxembourg,2,Female,27,Age-standardized,558,Mental disorders,2,Percent,2019,0.1561955148144999,0.17251904998361461,0.14198269188410284
5,Prevalence,87,Luxembourg,3,Both,27,Age-standardized,558,Mental disorders,2,Percent,2019,0.14906768631844958,0.16298135523190294,0.13664402666350794
5,Prevalence,143,Iraq,1,Male,27,Age-standardized,558,Mental disorders,2,Percent,2019,0.137516035390683,0.15075670764371574,0.12557058159348633
5,Prevalence,143,Iraq,2,Female,27,Age-standardized,558,Mental disorders,2,Percent,2019,0.16068658373552785,0.1784639547589708,0.1451245686403799
5,Prevalence,143,Iraq,3,Both,27,Age-standardized,558,Mental disorders,2,Percent,2019,0.1491283072781156,0.16316501748334103,0.1364423699646176
5,Prevalence,186,Seychelles,1,Male,27,Age-standardized,558,Mental disorders,2,Percent,2019,0.10533564569096492,0.11577627207416383,0.09595104392241532
5,Prevalence,186,Seychelles,2,Female,27,Age-standardized,558,Mental disorders,2,Percent,2019,0.11240750291411357,0.12462819709760123,0.10106490139668467
5,Prevalence,186,Seychelles,3,Both,27,Age-standardized,558,Mental disorders,2,Percent,2019,0.10862334365534389,0.119664312952455,0.09891124297817065
5,Prevalence,78,Denmark,1,Male,27,Age-standardized,558,Mental disorders,2,Percent,2019,0.12745501730815323,0.13936270017684363,0.11692676526797334
5,Prevalence,78,Denmark,2,Female,27,Age-standardized,558,Mental disorders,2,Percent,2019,0.15364122215226633,0.1700387486178175,0.13974058271217926
5,Prevalence,78,Denmark,3,Both,27,Age-standardized,558,Mental disorders,2,Percent,2019,0.14096138851239376,0.15475434868449306,0.12896608520619607
5,Prevalence,165,Pakistan,1,Male,27,Age-standardized,558,Mental disorders,2,Percent,2019,0.12910963652130392,0.1407389756152447,0.11694696831251093
5,Prevalence,165,Pakistan,2,Female,27,Age-standardized,558,Mental disorders,2,Percent,2019,0.13250906195618067,0.14332736467535928,0.12146206849371484
5,Prevalence,165,Pakistan,3,Both,27,Age-standardized,558,Mental disorders,2,Percent,2019,0.13083279957710145,0.14192323636669424,0.11926885096494017
5,Prevalence,75,Austria,1,Male,27,Age-standardized,558,Mental disorders,2,Percent,2019,0.1479291526798184,0.16235805552879282,0.13521594040126644
5,Prevalence,75,Austria,2,Female,27,Age-standardized,558,Mental disorders,2,Percent,2019,0.16757054344722658,0.18579901437805346,0.15180596015891967
5,Prevalence,75,Austria,3,Both,27,Age-standardized,558,Mental disorders,2,Percent,2019,0.15816477961675532,0.1736812830244584,0.1449764805400015
5,Prevalence,422,United States Virgin Islands,1,Male,27,Age-standardized,558,Mental disorders,2,Percent,2019,0.14601924160428706,0.1632076321262755,0.13178390021198702
5,Prevalence,422,United States Virgin Islands,2,Female,27,Age-standardized,558,Mental disorders,2,Percent,2019,0.14463525209560707,0.15986257146670674,0.1313465418716117
5,Prevalence,422,United States Virgin Islands,3,Both,27,Age-standardized,558,Mental disorders,2,Percent,2019,0.145980140688473,0.16206644695902975,0.13344915658110137
5,Prevalence,24,Marshall Islands,1,Male,27,Age-standardized,558,Mental disorders,2,Percent,2019,0.11641238252629865,0.12859073289765505,0.10606073290194228
5,Prevalence,24,Marshall Islands,2,Female,27,Age-standardized,558,Mental disorders,2,Percent,2019,0.12093429983580235,0.13540632805575709,0.1091569636978383
5,Prevalence,24,Marshall Islands,3,Both,27,Age-standardized,558,Mental disorders,2,Percent,2019,0.11861117415680221,0.13071952676917487,0.10805298567542405
5,Prevalence,416,Tuvalu,1,Male,27,Age-standardized,558,Mental disorders,2,Percent,2019,0.11820546071394936,0.13024776678523742,0.10784826264116987
5,Prevalence,416,Tuvalu,2,Female,27,Age-standardized,558,Mental disorders,2,Percent,2019,0.12404443224396504,0.13783251234166347,0.11160023370477441
5,Prevalence,416,Tuvalu,3,Both,27,Age-standardized,558,Mental disorders,2,Percent,2019,0.12135245999549463,0.13395453000705942,0.11027663873407369
5,Prevalence,35,Georgia,1,Male,27,Age-standardized,558,Mental disorders,2,Percent,2019,0.10994338356075634,0.12017849472893596,0.10056924555835464
5,Prevalence,35,Georgia,2,Female,27,Age-standardized,558,Mental disorders,2,Percent,2019,0.10969522170757494,0.11999314503813964,0.10014951470137298
5,Prevalence,35,Georgia,3,Both,27,Age-standardized,558,Mental disorders,2,Percent,2019,0.11055337405978362,0.11998173310594522,0.10153510859888545
5,Prevalence,23,Kiribati,1,Male,27,Age-standardized,558,Mental disorders,2,Percent,2019,0.12020152292472767,0.132326641053115,0.10926541572261626
5,Prevalence,23,Kiribati,2,Female,27,Age-standardized,558,Mental disorders,2,Percent,2019,0.12292957112458844,0.13665928129414312,0.11058243668475255
5,Prevalence,23,Kiribati,3,Both,27,Age-standardized,558,Mental disorders,2,Percent,2019,0.12217349089715968,0.13457153982562686,0.11093163315322357
5,Prevalence,98,Chile,1,Male,27,Age-standardized,558,Mental disorders,2,Percent,2019,0.13042520804314933,0.14355174352076336,0.11958213269802175
5,Prevalence,98,Chile,2,Female,27,Age-standardized,558,Mental disorders,2,Percent,2019,0.171555691998477,0.1904963052497556,0.15439363650087456
5,Prevalence,98,Chile,3,Both,27,Age-standardized,558,Mental disorders,2,Percent,2019,0.1520282970838979,0.16655445337064637,0.139088488076766
5,Prevalence,97,Argentina,1,Male,27,Age-standardized,558,Mental disorders,2,Percent,2019,0.13147336722619876,0.14193314108690902,0.12153698235354318
5,Prevalence,97,Argentina,2,Female,27,Age-standardized,558,Mental disorders,2,Percent,2019,0.13945817987193093,0.14823447942881904,0.1312679941436468
5,Prevalence,97,Argentina,3,Both,27,Age-standardized,558,Mental disorders,2,Percent,2019,0.13595222597372994,0.1450790775958473,0.1272568844152948
5,Prevalence,88,Malta,1,Male,27,Age-standardized,558,Mental disorders,2,Percent,2019,0.14727520415188117,0.1616617715975809,0.13402397298289206
5,Prevalence,88,Malta,2,Female,27,Age-standardized,558,Mental disorders,2,Percent,2019,0.1666480352639075,0.18651010213513475,0.1497489624444726
5,Prevalence,88,Malta,3,Both,27,Age-standardized,558,Mental disorders,2,Percent,2019,0.15724443838394456,0.17353761212792562,0.1431458136672833
5,Prevalence,175,Burundi,1,Male,27,Age-standardized,558,Mental disorders,2,Percent,2019,0.1266620150553832,0.13816826101938537,0.11532917976049985
5,Prevalence,175,Burundi,2,Female,27,Age-standardized,558,Mental disorders,2,Percent,2019,0.13556436155455578,0.14932605023733952,0.12288325406975156
5,Prevalence,175,Burundi,3,Both,27,Age-standardized,558,Mental disorders,2,Percent,2019,0.13090215077716483,0.1427176519906646,0.11942805628439454
5,Prevalence,176,Comoros,1,Male,27,Age-standardized,558,Mental disorders,2,Percent,2019,0.11843725041869686,0.1304253891190641,0.10792954789065788
5,Prevalence,176,Comoros,2,Female,27,Age-standardized,558,Mental disorders,2,Percent,2019,0.12546707137725632,0.13827902653214458,0.11364713805949694
5,Prevalence,176,Comoros,3,Both,27,Age-standardized,558,Mental disorders,2,Percent,2019,0.1222513282226648,0.1338691972663513,0.11160316232757464
5,Prevalence,187,Somalia,1,Male,27,Age-standardized,558,Mental disorders,2,Percent,2019,0.13943268132725967,0.15421783031528533,0.12395125800621278
5,Prevalence,187,Somalia,2,Female,27,Age-standardized,558,Mental disorders,2,Percent,2019,0.14655022110253707,0.161062707759662,0.13212572340946824
5,Prevalence,187,Somalia,3,Both,27,Age-standardized,558,Mental disorders,2,Percent,2019,0.14362823333746724,0.15785762545725618,0.1290028707334945
5,Prevalence,152,Saudi Arabia,1,Male,27,Age-standardized,558,Mental disorders,2,Percent,2019,0.1311388791696897,0.1427197506380209,0.12047123832472878
5,Prevalence,152,Saudi Arabia,2,Female,27,Age-standardized,558,Mental disorders,2,Percent,2019,0.14671830974170985,0.1634168887656034,0.132945463415486
5,Prevalence,152,Saudi Arabia,3,Both,27,Age-standardized,558,Mental disorders,2,Percent,2019,0.13697065534575223,0.1495136447720604,0.12613971673119775
5,Prevalence,22,Fiji,1,Male,27,Age-standardized,558,Mental disorders,2,Percent,2019,0.11208804074176397,0.12325231778358336,0.10189049015869078
5,Prevalence,22,Fiji,2,Female,27,Age-standardized,558,Mental disorders,2,Percent,2019,0.11824838746111198,0.13130798806266653,0.10652508897931655
5,Prevalence,22,Fiji,3,Both,27,Age-standardized,558,Mental disorders,2,Percent,2019,0.11540048111662314,0.12722813251272982,0.1049791354793251
5,Prevalence,164,Nepal,1,Male,27,Age-standardized,558,Mental disorders,2,Percent,2019,0.13597769878150662,0.1486200093409753,0.12299583918151251
5,Prevalence,164,Nepal,2,Female,27,Age-standardized,558,Mental disorders,2,Percent,2019,0.13960476026596808,0.15266166463098707,0.12688486403113283
5,Prevalence,164,Nepal,3,Both,27,Age-standardized,558,Mental disorders,2,Percent,2019,0.1382717344188198,0.1505655784328265,0.12555610034789233
5,Prevalence,118,Suriname,1,Male,27,Age-standardized,558,Mental disorders,2,Percent,2019,0.15273413135937305,0.16942606450701292,0.13847113971665176
5,Prevalence,118,Suriname,2,Female,27,Age-standardized,558,Mental disorders,2,Percent,2019,0.15523660561792207,0.17114222447643315,0.14237959451821958
5,Prevalence,118,Suriname,3,Both,27,Age-standardized,558,Mental disorders,2,Percent,2019,0.15450918101037084,0.1693709316770611,0.1418369770016321
5,Prevalence,132,Panama,1,Male,27,Age-standardized,558,Mental disorders,2,Percent,2019,0.11869071345711237,0.13121531507079065,0.10836337466588253
5,Prevalence,132,Panama,2,Female,27,Age-standardized,558,Mental disorders,2,Percent,2019,0.1246926701719687,0.13848719455611472,0.11299181962360796
5,Prevalence,132,Panama,3,Both,27,Age-standardized,558,Mental disorders,2,Percent,2019,0.12184874682464282,0.13421872540998395,0.11176249257168731
5,Prevalence,121,Bolivia (Plurinational State of),1,Male,27,Age-standardized,558,Mental disorders,2,Percent,2019,0.14113170244129145,0.15652115381448978,0.1285650437073188
5,Prevalence,121,Bolivia (Plurinational State of),2,Female,27,Age-standardized,558,Mental disorders,2,Percent,2019,0.15942169286512037,0.17723934639066455,0.14401404643723748
5,Prevalence,121,Bolivia (Plurinational State of),3,Both,27,Age-standardized,558,Mental disorders,2,Percent,2019,0.15063350369530232,0.16634779006116493,0.13707419527379752
5,Prevalence,13,Malaysia,1,Male,27,Age-standardized,558,Mental disorders,2,Percent,2019,0.11365506358460312,0.12423550371857175,0.10395922364732485
5,Prevalence,13,Malaysia,2,Female,27,Age-standardized,558,Mental disorders,2,Percent,2019,0.1312667748344019,0.14613777547745185,0.11793666444239483
5,Prevalence,13,Malaysia,3,Both,27,Age-standardized,558,Mental disorders,2,Percent,2019,0.12230161294384545,0.13462781924985365,0.11125111337933791
5,Prevalence,110,Dominica,1,Male,27,Age-standardized,558,Mental disorders,2,Percent,2019,0.14375448376829308,0.16075311330718445,0.1298834316029866
5,Prevalence,110,Dominica,2,Female,27,Age-standardized,558,Mental disorders,2,Percent,2019,0.14170306051294373,0.15669184130638844,0.12842730359074614
5,Prevalence,110,Dominica,3,Both,27,Age-standardized,558,Mental disorders,2,Percent,2019,0.14277407871266265,0.1577934525472822,0.1299440462668149
5,Prevalence,44,Bosnia and Herzegovina,1,Male,27,Age-standardized,558,Mental disorders,2,Percent,2019,0.10749756945725823,0.11839499857263242,0.09768033932454556
5,Prevalence,44,Bosnia and Herzegovina,2,Female,27,Age-standardized,558,Mental disorders,2,Percent,2019,0.12156669265995308,0.13399056433733353,0.11015433612786762
5,Prevalence,44,Bosnia and Herzegovina,3,Both,27,Age-standardized,558,Mental disorders,2,Percent,2019,0.1151337635147718,0.1261282056127461,0.10499703398045188
5,Prevalence,45,Bulgaria,1,Male,27,Age-standardized,558,Mental disorders,2,Percent,2019,0.10508795826951589,0.11524228420443676,0.09570327668973949
5,Prevalence,45,Bulgaria,2,Female,27,Age-standardized,558,Mental disorders,2,Percent,2019,0.11661917030428506,0.12870841431785965,0.10566958619675841
5,Prevalence,45,Bulgaria,3,Both,27,Age-standardized,558,Mental disorders,2,Percent,2019,0.11141089663194288,0.12194917211813401,0.10160162662486799
5,Prevalence,154,Tunisia,1,Male,27,Age-standardized,558,Mental disorders,2,Percent,2019,0.15221374015085967,0.16575640357305868,0.13895872325756553
5,Prevalence,154,Tunisia,2,Female,27,Age-standardized,558,Mental disorders,2,Percent,2019,0.1683649969620125,0.1849081406888214,0.1529927555067738
5,Prevalence,154,Tunisia,3,Both,27,Age-standardized,558,Mental disorders,2,Percent,2019,0.1608304800417248,0.17562343519790502,0.14725173655351517
5,Prevalence,198,Zimbabwe,1,Male,27,Age-standardized,558,Mental disorders,2,Percent,2019,0.11357331604279054,0.12353140745614184,0.10355510543810394
5,Prevalence,198,Zimbabwe,2,Female,27,Age-standardized,558,Mental disorders,2,Percent,2019,0.10853500447723641,0.11959006689440926,0.09796302085597718
5,Prevalence,198,Zimbabwe,3,Both,27,Age-standardized,558,Mental disorders,2,Percent,2019,0.11119020606925314,0.12141024726571793,0.10141391457331503
5,Prevalence,46,Croatia,1,Male,27,Age-standardized,558,Mental disorders,2,Percent,2019,0.10984287952679833,0.12070532431804247,0.10044428989681245
5,Prevalence,46,Croatia,2,Female,27,Age-standardized,558,Mental disorders,2,Percent,2019,0.12288338489622438,0.13532189850040668,0.11131918748778734
5,Prevalence,46,Croatia,3,Both,27,Age-standardized,558,Mental disorders,2,Percent,2019,0.11690584013143,0.1282316284724527,0.10715734658582224
5,Prevalence,367,Monaco,1,Male,27,Age-standardized,558,Mental disorders,2,Percent,2019,0.14917374644668144,0.16304105364423696,0.13682300081341753
5,Prevalence,367,Monaco,2,Female,27,Age-standardized,558,Mental disorders,2,Percent,2019,0.17079714162860063,0.18937529536439676,0.15462849251931526
5,Prevalence,367,Monaco,3,Both,27,Age-standardized,558,Mental disorders,2,Percent,2019,0.16054011738075644,0.1760995699510415,0.14724512913691162
5,Prevalence,210,Liberia,1,Male,27,Age-standardized,558,Mental disorders,2,Percent,2019,0.11315419459725384,0.12468197934885898,0.10266886176542044
5,Prevalence,210,Liberia,2,Female,27,Age-standardized,558,Mental disorders,2,Percent,2019,0.13694878573244956,0.15005189467360222,0.12472876233184788
5,Prevalence,210,Liberia,3,Both,27,Age-standardized,558,Mental disorders,2,Percent,2019,0.12488810547884073,0.13652218335962757,0.11458391842306641
5,Prevalence,144,Jordan,1,Male,27,Age-standardized,558,Mental disorders,2,Percent,2019,0.14046885239503012,0.15420656939389224,0.12808858667388956
5,Prevalence,144,Jordan,2,Female,27,Age-standardized,558,Mental disorders,2,Percent,2019,0.16230249305562547,0.179181938083669,0.14709104924612115
5,Prevalence,144,Jordan,3,Both,27,Age-standardized,558,Mental disorders,2,Percent,2019,0.15041727056589896,0.16414143358067407,0.1375181480258262
5,Prevalence,177,Djibouti,1,Male,27,Age-standardized,558,Mental disorders,2,Percent,2019,0.11711108173666966,0.12721252184183215,0.10742609317777213
5,Prevalence,177,Djibouti,2,Female,27,Age-standardized,558,Mental disorders,2,Percent,2019,0.12395524755291755,0.13567641978456865,0.11289909130982498
5,Prevalence,177,Djibouti,3,Both,27,Age-standardized,558,Mental disorders,2,Percent,2019,0.12043898527524148,0.13073528103557852,0.11072199366741328
5,Prevalence,153,Syrian Arab Republic,1,Male,27,Age-standardized,558,Mental disorders,2,Percent,2019,0.15482928622946082,0.16959484230399674,0.14067056954351054
5,Prevalence,153,Syrian Arab Republic,2,Female,27,Age-standardized,558,Mental disorders,2,Percent,2019,0.16873937352616028,0.18709802737918274,0.15182626229317128
5,Prevalence,153,Syrian Arab Republic,3,Both,27,Age-standardized,558,Mental disorders,2,Percent,2019,0.16279460279962865,0.17844545528323666,0.14764431492090427
5,Prevalence,133,Venezuela (Bolivarian Republic of),1,Male,27,Age-standardized,558,Mental disorders,2,Percent,2019,0.13687728215930006,0.15242048798802765,0.12385645344242903
5,Prevalence,133,Venezuela (Bolivarian Republic of),2,Female,27,Age-standardized,558,Mental disorders,2,Percent,2019,0.13435067036263235,0.14846616655426817,0.12206953854984579
5,Prevalence,133,Venezuela (Bolivarian Republic of),3,Both,27,Age-standardized,558,Mental disorders,2,Percent,2019,0.13590484778142667,0.14997332578166447,0.12405134275661195
5,Prevalence,211,Mali,1,Male,27,Age-standardized,558,Mental disorders,2,Percent,2019,0.10353571516735163,0.11331816874519879,0.09412170995871166
5,Prevalence,211,Mali,2,Female,27,Age-standardized,558,Mental disorders,2,Percent,2019,0.10787113114330789,0.11906123283127752,0.09784912884939405
5,Prevalence,211,Mali,3,Both,27,Age-standardized,558,Mental disorders,2,Percent,2019,0.10572809150088627,0.11552579451799588,0.09661763082314062
5,Prevalence,189,United Republic of Tanzania,1,Male,27,Age-standardized,558,Mental disorders,2,Percent,2019,0.11956236409309917,0.12995213647511916,0.10949551481766481
5,Prevalence,189,United Republic of Tanzania,2,Female,27,Age-standardized,558,Mental disorders,2,Percent,2019,0.1312629920498801,0.14463971193434336,0.11946521563119411
5,Prevalence,189,United Republic of Tanzania,3,Both,27,Age-standardized,558,Mental disorders,2,Percent,2019,0.12584238562432404,0.13743971802711305,0.11554292443553332
