country_id,gender_id,age_group_id,suicides_per_100k,mhd_prevalence_percent
ATG,BTSX,1,0.0,
ATG,BTSX,2,0.0,
ATG,BTSX,3,0.0,
ATG,BTSX,4,0.0,
ATG,BTSX,6,0.0,
ATG,BTSX,7,0.0,
ATG,BTSX,8,0.0,
ATG,FMLE,1,0.0,
ATG,FMLE,2,0.0,
ATG,FMLE,3,0.0,
ATG,FMLE,4,0.0,
ATG,FMLE,6,0.0,
ATG,FMLE,7,0.0,
ATG,FMLE,8,0.0,
ATG,MLE,1,0.0,
ATG,MLE,2,0.0,
ATG,MLE,3,0.0,
ATG,MLE,4,0.0,
ATG,MLE,5,0.0,
ATG,MLE,6,0.0,
ATG,MLE,7,0.0,
ATG,MLE,8,0.0,
BRB,BTSX,1,0.0,
BRB,BTSX,2,0.0,
BRB,BTSX,5,0.0,
BRB,BTSX,6,0.0,
BRB,BTSX,8,0.0,
BRB,FMLE,1,0.0,
BRB,FMLE,2,0.0,
BRB,FMLE,3,0.0,
BRB,FMLE,4,0.0,
BRB,FMLE,5,0.0,
BRB,FMLE,6,0.0,
BRB,FMLE,8,0.0,
BRB,MLE,1,0.0,
BRB,MLE,2,0.0,
BRB,MLE,5,0.0,
BRB,MLE,6,0.0,
BRB,MLE,7,0.0,
BRB,MLE,8,0.0,
BRN,BTSX,1,0.0,
BRN,BTSX,5,0.0,
BRN,BTSX,6,0.0,
BRN,FMLE,1,0.0,
BRN,FMLE,3,0.0,
BRN,FMLE,5,0.0,
BRN,FMLE,6,0.0,
BRN,FMLE,7,0.0,
BRN,FMLE,8,0.0,
BRN,MLE,1,0.0,
BRN,MLE,5,0.0,
BRN,MLE,6,0.0,
CRI,FMLE,7,0.0,
CRI,FMLE,8,0.0,
GRD,BTSX,1,0.0,
GRD,BTSX,2,0.0,
GRD,BTSX,3,0.0,
GRD,BTSX,4,0.0,
GRD,BTSX,5,0.0,
GRD,BTSX,7,0.0,
GRD,BTSX,8,0.0,
GRD,FMLE,1,0.0,
GRD,FMLE,2,0.0,
GRD,FMLE,3,0.0,
GRD,FMLE,4,0.0,
GRD,FMLE,5,0.0,
GRD,FMLE,6,0.0,
GRD,FMLE,7,0.0,
GRD,FMLE,8,0.0,
GRD,MLE,1,0.0,
GRD,MLE,2,0.0,
GRD,MLE,3,0.0,
GRD,MLE,4,0.0,
GRD,MLE,5,0.0,
GRD,MLE,7,0.0,
GRD,MLE,8,0.0,
GUY,FMLE,8,0.0,
ISL,BTSX,7,0.0,
ISL,BTSX,8,0.0,
ISL,FMLE,2,0.0,
ISL,FMLE,3,0.0,
ISL,FMLE,7,0.0,
ISL,FMLE,8,0.0,
ISL,MLE,7,0.0,
ISL,MLE,8,0.0,
MLT,FMLE,8,0.0,
MUS,FMLE,7,0.0,
MUS,FMLE,8,0.0,
VCT,BTSX,4,0.0,
VCT,BTSX,5,0.0,
VCT,BTSX,6,0.0,
VCT,BTSX,8,0.0,
VCT,FMLE,1,0.0,
VCT,FMLE,2,0.0,
VCT,FMLE,3,0.0,
VCT,FMLE,4,0.0,
VCT,FMLE,5,0.0,
VCT,FMLE,6,0.0,
VCT,FMLE,7,0.0,
VCT,FMLE,8,0.0,
VCT,MLE,4,0.0,
VCT,MLE,5,0.0,
VCT,MLE,6,0.0,
VCT,MLE,8,0.0,
BRB,BTSX,3,0.35,
PAN,FMLE,3,0.47,
ARM,FMLE,3,0.56,
PAN,FMLE,4,0.56,
MDV,FMLE,3,0.57,
CRI,FMLE,6,0.58,
STP,FMLE,1,0.65,
HND,FMLE,2,0.67,
MWI,FMLE,3,0.67,
MDV,FMLE,4,0.68,
STP,FMLE,2,0.68,
VEN,FMLE,2,0.69,
BRB,BTSX,4,0.71,
BRB,MLE,3,0.72,
KWT,FMLE,1,0.72,
HND,FMLE,1,0.73,
KWT,FMLE,5,0.73,
VEN,FMLE,3,0.74,
HND,FMLE,3,0.75,
KWT,FMLE,4,0.76,
MLT,FMLE,7,0.76,
VEN,FMLE,4,0.76,
IRL,FMLE,8,0.78,
JOR,FMLE,1,0.78,
QAT,FMLE,5,0.78,
OMN,FMLE,4,0.8,
GRC,FMLE,1,0.81,
GHA,FMLE,1,0.84,
SYR,FMLE,1,0.84,
NGA,FMLE,1,0.85,
SYR,FMLE,5,0.85,
CYP,FMLE,1,0.86,
PHL,FMLE,4,0.86,
SYR,FMLE,4,0.86,
PHL,FMLE,5,0.87,
IDN,FMLE,3,0.88,
GAB,FMLE,1,0.91,
IDN,FMLE,2,0.91,
VCT,BTSX,2,0.91,
GHA,FMLE,2,0.92,
JOR,FMLE,4,0.92,
QAT,FMLE,4,0.92,
SYR,FMLE,3,0.92,
JAM,FMLE,1,0.93,
NGA,FMLE,2,0.93,
OMN,FMLE,3,0.95,
ARM,FMLE,1,0.97,
NIC,FMLE,5,0.97,
ITA,FMLE,1,0.98,
JOR,FMLE,2,0.98,
MRT,FMLE,1,0.98,
SYR,FMLE,2,0.98,
IDN,FMLE,1,1.02,
KWT,FMLE,6,1.03,
SRB,FMLE,1,1.03,
TUR,FMLE,4,1.04,
NIC,FMLE,6,1.05,
VEN,FMLE,6,1.05,
JOR,FMLE,5,1.06,
JOR,FMLE,3,1.07,
PHL,FMLE,3,1.07,
MDV,FMLE,5,1.08,
BHS,FMLE,5,1.09,
TUR,FMLE,5,1.09,
VEN,FMLE,5,1.09,
JAM,FMLE,5,1.1,
CYP,FMLE,5,1.11,
MUS,FMLE,5,1.11,
SLV,FMLE,5,1.12,
TUR,FMLE,3,1.12,
BHS,FMLE,6,1.14,
MLT,FMLE,6,1.14,
MMR,FMLE,3,1.15,
VEN,FMLE,1,1.15,
MMR,FMLE,1,1.17,
PAN,FMLE,2,1.17,
STP,FMLE,3,1.17,
TUR,FMLE,2,1.17,
KEN,FMLE,1,1.18,
KWT,FMLE,2,1.18,
KWT,FMLE,3,1.18,
ALB,FMLE,3,1.19,
MDV,FMLE,2,1.2,
BHR,FMLE,4,1.21,
BHR,FMLE,5,1.21,
MMR,FMLE,2,1.21,
PHL,FMLE,1,1.21,
UGA,FMLE,1,1.21,
ARM,FMLE,2,1.22,
MRT,FMLE,2,1.22,
SYR,FMLE,6,1.23,
THA,FMLE,1,1.23,
KWT,FMLE,7,1.24,
MDV,FMLE,1,1.24,
BHS,FMLE,4,1.25,
BHS,FMLE,7,1.26,
SSD,FMLE,1,1.26,
VEN,FMLE,7,1.26,
ARM,BTSX,1,1.29,
COL,FMLE,6,1.29,
COL,FMLE,7,1.29,
GHA,FMLE,3,1.29,
MMR,FMLE,4,1.29,
JAM,FMLE,3,1.3,
JAM,FMLE,4,1.3,
MYS,FMLE,1,1.3,
PER,FMLE,5,1.3,
AGO,FMLE,1,1.31,
ARM,FMLE,4,1.31,
COD,FMLE,1,1.32,
GRC,FMLE,8,1.32,
LCA,FMLE,1,1.32,
VCT,BTSX,1,1.32,
CYP,FMLE,2,1.33,
MWI,FMLE,1,1.33,
AZE,FMLE,1,1.34,
GRC,FMLE,7,1.34,
OMN,FMLE,5,1.35,
AZE,FMLE,2,1.36,
COL,FMLE,5,1.36,
PER,FMLE,4,1.36,
DZA,FMLE,5,1.37,
IDN,FMLE,4,1.37,
PER,FMLE,3,1.37,
BLZ,FMLE,3,1.38,
GMB,FMLE,1,1.38,
TZA,FMLE,1,1.38,
MEX,FMLE,6,1.4,
JAM,FMLE,2,1.41,
PHL,FMLE,2,1.41,
UGA,FMLE,2,1.41,
COG,FMLE,1,1.42,
SAU,FMLE,1,1.43,
ARM,BTSX,2,1.44,
SEN,FMLE,1,1.44,
VEN,FMLE,8,1.45,
CYP,FMLE,6,1.47,
GUY,FMLE,7,1.47,
ROU,FMLE,1,1.47,
BRB,MLE,4,1.48,
SYC,FMLE,5,1.48,
ARM,FMLE,5,1.49,
OMN,FMLE,2,1.49,
PAN,FMLE,6,1.49,
AZE,FMLE,3,1.5,
ETH,FMLE,1,1.52,
LBN,FMLE,4,1.52,
ISR,FMLE,1,1.53,
BHS,FMLE,1,1.54,
BTN,FMLE,1,1.54,
GEO,FMLE,2,1.54,
MWI,FMLE,2,1.54,
SSD,FMLE,2,1.54,
ALB,FMLE,2,1.55,
MEX,FMLE,5,1.56,
JOR,BTSX,1,1.57,
STP,BTSX,1,1.57,
ARM,MLE,1,1.58,
HND,BTSX,1,1.58,
MMR,FMLE,5,1.61,
SYC,FMLE,3,1.61,
COL,FMLE,4,1.62,
IDN,FMLE,5,1.63,
PRT,FMLE,1,1.63,
SYC,FMLE,1,1.64,
ALB,FMLE,5,1.65,
BGD,FMLE,5,1.65,
SYC,FMLE,4,1.65,
TZA,FMLE,2,1.66,
CHL,FMLE,8,1.67,
COL,FMLE,3,1.67,
ESP,FMLE,1,1.67,
ARE,FMLE,6,1.67,
BGD,FMLE,2,1.68,
JAM,BTSX,1,1.68,
SYR,FMLE,7,1.68,
ARM,MLE,2,1.69,
NGA,FMLE,3,1.69,
ITA,FMLE,2,1.7,
PNG,FMLE,1,1.7,
SVK,FMLE,1,1.7,
LBN,FMLE,5,1.71,
MYS,FMLE,2,1.71,
NIC,FMLE,4,1.71,
ZMB,FMLE,1,1.71,
VCT,BTSX,3,1.72,
AZE,FMLE,4,1.73,
GRC,FMLE,2,1.73,
IRL,FMLE,7,1.73,
CPV,FMLE,1,1.74,
TCD,FMLE,1,1.74,
LVA,FMLE,1,1.74,
PER,FMLE,2,1.74,
TUR,FMLE,6,1.74,
BHS,FMLE,3,1.75,
ERI,FMLE,1,1.75,
MEX,FMLE,4,1.75,
LCA,FMLE,2,1.75,
ARM,FMLE,6,1.76,
JAM,FMLE,6,1.76,
PAN,FMLE,5,1.76,
AGO,FMLE,2,1.78,
GAB,FMLE,2,1.78,
ARE,FMLE,1,1.78,
SLV,FMLE,3,1.79,
MRT,BTSX,1,1.79,
TUN,FMLE,5,1.79,
VCT,MLE,2,1.8,
TUN,FMLE,4,1.8,
LBR,FMLE,1,1.81,
DZA,FMLE,6,1.82,
PER,FMLE,6,1.82,
NGA,BTSX,1,1.83,
CIV,FMLE,1,1.84,
BGD,FMLE,3,1.85,
PAN,FMLE,7,1.85,
DZA,FMLE,4,1.86,
COD,FMLE,2,1.86,
MRT,FMLE,3,1.87,
SYC,FMLE,2,1.87,
DJI,FMLE,1,1.88,
MYS,FMLE,3,1.88,
QAT,FMLE,1,1.88,
ALB,FMLE,4,1.89,
ALB,FMLE,6,1.89,
HND,BTSX,2,1.89,
SVK,FMLE,2,1.89,
CYP,FMLE,4,1.91,
DOM,FMLE,3,1.91,
HND,FMLE,4,1.92,
HND,FMLE,5,1.92,
SAU,FMLE,7,1.92,
CUB,FMLE,1,1.94,
BRN,FMLE,2,1.95,
ETH,FMLE,2,1.95,
MDG,FMLE,1,1.95,
PNG,FMLE,2,1.95,
FRA,FMLE,1,1.96,
UGA,FMLE,3,1.96,
NER,FMLE,1,1.97,
STP,FMLE,4,1.97,
BTN,FMLE,2,1.98,
PHL,BTSX,1,1.98,
YEM,BTSX,4,10.0,
AGO,MLE,2,10.01,
CRI,BTSX,2,10.01,
LVA,BTSX,1,10.01,
SAU,BTSX,3,10.01,
SVN,FMLE,8,10.01,
TKM,BTSX,7,10.01,
BLR,FMLE,4,10.02,
SYR,MLE,8,10.02,
GUY,FMLE,6,10.03,
MEX,BTSX,8,10.03,
CHE,MLE,1,10.03,
CPV,BTSX,2,10.04,
NIC,MLE,1,10.04,
PRY,BTSX,8,10.04,
PRT,MLE,2,10.04,
DEU,BTSX,3,10.05,
BOL,BTSX,4,10.06,
ROU,MLE,2,10.06,
LAO,MLE,1,10.07,
HRV,MLE,1,10.08,
NPL,BTSX,3,10.08,
SRB,MLE,2,10.08,
DNK,MLE,2,10.11,
CHL,BTSX,2,10.12,
MEX,MLE,1,10.13,
CYP,MLE,5,10.14,
UZB,FMLE,8,10.14,
AUS,FMLE,4,10.15,
TKM,MLE,5,10.15,
TCD,BTSX,3,10.17,
CUB,FMLE,5,10.17,
MAR,BTSX,4,10.17,
BEL,MLE,1,10.18,
BGR,MLE,2,10.18,
THA,FMLE,8,10.21,
TTO,BTSX,4,10.21,
BGD,MLE,6,10.22,
DOM,MLE,3,10.22,
FRA,FMLE,6,10.22,
MYS,MLE,3,10.22,
LCA,BTSX,3,10.22,
TON,BTSX,7,10.22,
GEO,BTSX,3,10.24,
LAO,MLE,3,10.24,
ESP,BTSX,4,10.24,
HRV,FMLE,4,10.26,
IRN,MLE,3,10.26,
ESP,BTSX,6,10.26,
BGD,BTSX,7,10.27,
QAT,BTSX,7,10.27,
LBY,MLE,3,10.28,
GNQ,MLE,3,10.3,
ESP,BTSX,5,10.3,
DOM,MLE,2,10.31,
ESP,MLE,3,10.31,
ISL,FMLE,1,10.33,
NOR,FMLE,6,10.33,
PNG,MLE,6,10.33,
SYC,BTSX,5,10.34,
GBR,MLE,6,10.34,
YEM,FMLE,8,10.35,
KIR,FMLE,5,10.36,
LAO,MLE,4,10.36,
SGP,BTSX,4,10.36,
SYC,BTSX,4,10.37,
IRQ,BTSX,7,10.38,
MLT,BTSX,4,10.38,
NOR,FMLE,4,10.38,
SRB,BTSX,3,10.39,
URY,FMLE,3,10.39,
VUT,FMLE,2,10.39,
AZE,BTSX,7,10.4,
SLE,BTSX,3,10.41,
BRA,BTSX,6,10.42,
WSM,FMLE,5,10.42,
CMR,FMLE,4,10.44,
FJI,BTSX,3,10.45,
KAZ,FMLE,1,10.45,
MAR,MLE,1,10.45,
URY,FMLE,2,10.45,
MKD,MLE,2,10.47,
CHE,BTSX,3,10.47,
AFG,MLE,3,10.48,
ARG,BTSX,5,10.48,
SYC,BTSX,3,10.48,
MRT,FMLE,5,10.49,
CAN,BTSX,6,10.51,
NLD,BTSX,2,10.51,
CRI,BTSX,3,10.52,
ECU,BTSX,6,10.52,
MYS,BTSX,5,10.52,
TTO,BTSX,3,10.52,
BLZ,BTSX,5,10.53,
ECU,BTSX,2,10.53,
GRD,MLE,6,10.53,
LVA,FMLE,8,10.53,
MNE,FMLE,4,10.53,
ECU,BTSX,7,10.55,
NLD,FMLE,6,10.55,
BGR,BTSX,4,10.57,
GEO,MLE,1,10.57,
BLR,FMLE,6,10.59,
CYP,MLE,4,10.61,
CRI,BTSX,5,10.62,
ERI,BTSX,2,10.62,
JPN,FMLE,5,10.64,
SDN,MLE,7,10.65,
LBY,BTSX,8,10.66,
SWZ,FMLE,4,10.67,
MLT,MLE,2,10.67,
MEX,MLE,6,10.67,
SGP,FMLE,6,10.69,
KIR,FMLE,6,10.7,
MYS,MLE,2,10.7,
MLT,BTSX,3,10.7,
CHL,BTSX,6,10.71,
BIH,BTSX,3,10.72,
AFG,BTSX,6,10.73,
STP,MLE,7,10.73,
TLS,BTSX,6,10.74,
UZB,BTSX,4,10.74,
EGY,BTSX,8,10.75,
PER,MLE,8,10.75,
FSM,FMLE,4,10.76,
MAR,BTSX,5,10.76,
HTI,FMLE,8,10.77,
KHM,MLE,4,10.79,
SWE,FMLE,7,10.79,
DZA,MLE,8,10.8,
TKM,MLE,1,10.8,
KGZ,FMLE,7,10.82,
NZL,BTSX,7,10.83,
UGA,MLE,3,10.83,
ALB,MLE,4,10.84,
BWA,BTSX,1,10.84,
DNK,FMLE,5,10.84,
NER,MLE,3,10.84,
CRI,MLE,7,10.85,
GNQ,BTSX,3,10.85,
NLD,FMLE,4,10.85,
SGP,BTSX,3,10.85,
BRN,MLE,2,10.86,
SUR,FMLE,3,10.87,
RUS,FMLE,4,10.89,
COM,MLE,3,10.9,
MLT,MLE,5,10.9,
HND,BTSX,7,10.91,
GBR,MLE,7,10.91,
DJI,MLE,2,10.92,
AZE,MLE,6,10.93,
MAR,BTSX,3,10.93,
IRN,MLE,1,10.94,
BGR,MLE,3,10.96,
ITA,MLE,4,10.96,
JPN,FMLE,8,10.96,
PAK,BTSX,4,10.97,
CHE,FMLE,4,10.97,
SLV,BTSX,3,10.98,
SWE,BTSX,1,10.98,
MKD,MLE,3,10.99,
GUY,MLE,6,100.2,
CMR,FMLE,8,100.7,
MDG,BTSX,8,100.9,
LBR,FMLE,8,101.3,
SVN,MLE,8,102.4,
COM,BTSX,8,102.7,
SWZ,MLE,6,104.3,
ZWE,FMLE,8,105.0,
SWZ,BTSX,8,105.8,
GUY,MLE,3,105.8,
GUY,MLE,7,106.3,
CUB,MLE,8,106.4,
ZAF,MLE,8,106.6,
GIN,FMLE,8,106.9,
LSO,BTSX,6,107.1,
LSO,BTSX,7,107.5,
NER,FMLE,8,108.9,
TGO,MLE,7,108.9,
KEN,MLE,7,109.6,
LCA,BTSX,5,11.0,
CRI,BTSX,1,11.01,
FIN,FMLE,1,11.01,
JPN,FMLE,6,11.02,
ARG,BTSX,6,11.03,
SWE,FMLE,2,11.05,
VNM,MLE,2,11.05,
CAN,BTSX,1,11.06,
AFG,FMLE,4,11.07,
IND,MLE,1,11.07,
USA,FMLE,4,11.07,
BEL,FMLE,3,11.08,
FJI,FMLE,7,11.08,
LAO,BTSX,7,11.09,
RWA,MLE,3,11.09,
USA,FMLE,5,11.11,
ALB,MLE,7,11.12,
ISR,MLE,3,11.12,
PRK,BTSX,4,11.13,
TUN,MLE,7,11.13,
ARG,BTSX,2,11.14,
RUS,FMLE,6,11.14,
TJK,MLE,5,11.14,
GBR,BTSX,5,11.15,
CZE,BTSX,2,11.16,
MNE,BTSX,1,11.16,
BEN,BTSX,3,11.17,
YEM,BTSX,3,11.18,
CHL,MLE,1,11.19,
DOM,MLE,4,11.23,
MAR,MLE,2,11.24,
BHS,BTSX,8,11.26,
DJI,FMLE,4,11.26,
ISL,FMLE,6,11.26,
NPL,BTSX,1,11.26,
GNQ,FMLE,2,11.31,
GTM,BTSX,1,11.32,
LTU,FMLE,5,11.32,
KGZ,BTSX,6,11.34,
SAU,MLE,4,11.34,
HTI,FMLE,1,11.35,
CHN,BTSX,5,11.36,
GNB,MLE,2,11.36,
HTI,FMLE,3,11.36,
MEX,MLE,4,11.36,
IND,FMLE,5,11.37,
TON,FMLE,8,11.38,
AUS,BTSX,6,11.39,
AUT,FMLE,7,11.39,
HTI,FMLE,2,11.4,
MDV,MLE,6,11.4,
GIN,MLE,2,11.41,
GIN,FMLE,4,11.42,
BGR,FMLE,7,11.43,
KEN,BTSX,3,11.44,
BFA,BTSX,3,11.46,
ZWE,BTSX,1,11.46,
FJI,BTSX,5,11.47,
GNB,BTSX,3,11.48,
MMR,MLE,7,11.48,
UZB,BTSX,3,11.48,
VNM,MLE,3,11.5,
MLT,MLE,7,11.51,
GRC,MLE,6,11.52,
RUS,FMLE,3,11.52,
SLE,FMLE,4,11.55,
CAF,MLE,1,11.56,
MAR,BTSX,7,11.56,
SEN,MLE,3,11.58,
SOM,MLE,2,11.58,
YEM,MLE,2,11.59,
ECU,MLE,4,11.61,
HRV,FMLE,5,11.62,
JPN,FMLE,4,11.62,
MYS,MLE,4,11.62,
CUB,BTSX,3,11.63,
KGZ,BTSX,4,11.63,
ROU,FMLE,8,11.63,
CHE,FMLE,5,11.63,
SYC,BTSX,2,11.64,
MOZ,BTSX,1,11.67,
CHE,MLE,2,11.67,
MAR,FMLE,8,11.68,
RWA,FMLE,5,11.68,
THA,BTSX,6,11.69,
COL,BTSX,8,11.7,
MLI,BTSX,4,11.7,
AUT,FMLE,4,11.71,
POL,BTSX,7,11.71,
HUN,FMLE,4,11.72,
NAM,FMLE,6,11.73,
DOM,BTSX,6,11.74,
GNQ,FMLE,3,11.74,
GBR,BTSX,3,11.74,
BHR,BTSX,7,11.76,
ARG,BTSX,1,11.77,
BRA,MLE,2,11.78,
IRL,BTSX,6,11.78,
CHL,BTSX,3,11.79,
CRI,BTSX,4,11.79,
LAO,MLE,2,11.79,
MUS,BTSX,4,11.79,
AUS,BTSX,1,11.8,
GEO,BTSX,4,11.8,
ISR,BTSX,7,11.82,
ZMB,MLE,2,11.82,
SUR,FMLE,1,11.83,
YEM,MLE,6,11.83,
COM,BTSX,4,11.84,
WSM,BTSX,4,11.84,
LAO,MLE,5,11.85,
SVN,FMLE,7,11.86,
CIV,FMLE,5,11.87,
LUX,BTSX,3,11.87,
MUS,BTSX,6,11.87,
MAR,BTSX,6,11.87,
TKM,MLE,6,11.87,
URY,FMLE,6,11.88,
BFA,MLE,2,11.9,
ETH,BTSX,4,11.9,
MDA,BTSX,2,11.9,
THA,BTSX,3,11.9,
SVN,FMLE,4,11.91,
SVK,BTSX,3,11.93,
IRN,MLE,2,11.94,
HRV,FMLE,6,11.95,
COG,MLE,7,110.1,
CPV,MLE,7,110.2,
CHN,MLE,8,110.6,
CAF,MLE,5,111.1,
KAZ,BTSX,8,111.5,
TCD,MLE,7,111.6,
GMB,FMLE,8,111.6,
KOR,BTSX,8,113.3,
ZWE,MLE,6,113.3,
COD,MLE,7,113.6,
SSD,BTSX,8,114.2,
URY,MLE,8,114.7,
ZMB,MLE,7,115.0,
MLI,BTSX,8,115.7,
SRB,MLE,8,115.9,
HUN,MLE,8,116.3,
MOZ,MLE,6,116.3,
BRN,MLE,8,116.5,
CMR,MLE,7,116.7,
BIH,MLE,8,116.8,
LSO,MLE,2,117.8,
SEN,MLE,7,118.0,
ERI,MLE,7,118.4,
GHA,MLE,7,118.6,
SWZ,MLE,5,119.6,
CHE,FMLE,6,12.01,
SGP,BTSX,6,12.02,
GIN,BTSX,3,12.03,
POL,BTSX,2,12.05,
LKA,FMLE,7,12.05,
TJK,MLE,6,12.05,
LUX,FMLE,6,12.06,
SLV,MLE,4,12.07,
GTM,MLE,4,12.07,
NOR,FMLE,5,12.07,
DEU,MLE,2,12.08,
MEX,MLE,2,12.08,
PRT,FMLE,7,12.09,
BHR,BTSX,3,12.1,
CUB,MLE,2,12.1,
EST,BTSX,2,12.11,
IRL,MLE,1,12.16,
BRA,BTSX,7,12.17,
TUN,BTSX,8,12.18,
SRB,FMLE,6,12.19,
MDV,BTSX,7,12.2,
BRA,MLE,1,12.21,
THA,MLE,1,12.22,
SVN,MLE,1,12.24,
BIH,MLE,2,12.25,
VNM,MLE,4,12.25,
HRV,BTSX,3,12.26,
IRN,BTSX,8,12.27,
POL,BTSX,3,12.28,
CHL,BTSX,5,12.29,
TJK,MLE,4,12.3,
UKR,BTSX,1,12.31,
BHR,MLE,4,12.32,
SWZ,FMLE,5,12.33,
GMB,BTSX,4,12.36,
GTM,MLE,3,12.36,
SSD,MLE,4,12.36,
MRT,BTSX,5,12.38,
MKD,BTSX,4,12.38,
KHM,BTSX,7,12.4,
CIV,BTSX,3,12.4,
PRY,MLE,7,12.4,
YEM,MLE,7,12.4,
CZE,MLE,1,12.41,
JPN,BTSX,1,12.44,
YEM,MLE,5,12.44,
CZE,BTSX,3,12.45,
LKA,FMLE,1,12.45,
LBR,MLE,4,12.46,
COG,MLE,3,12.47,
HUN,FMLE,6,12.47,
FJI,FMLE,1,12.48,
CUB,FMLE,6,12.5,
AUT,MLE,1,12.51,
TJK,BTSX,7,12.51,
NZL,BTSX,1,12.53,
ZAF,FMLE,4,12.53,
NZL,BTSX,8,12.54,
VUT,FMLE,6,12.56,
BGR,BTSX,5,12.58,
NLD,BTSX,3,12.58,
PAK,BTSX,7,12.58,
MMR,BTSX,8,12.59,
AFG,FMLE,5,12.6,
PAK,FMLE,8,12.6,
ZAF,FMLE,7,12.6,
BTN,MLE,5,12.63,
TJK,MLE,3,12.63,
TKM,MLE,7,12.63,
CAF,MLE,2,12.64,
ECU,BTSX,8,12.64,
COL,MLE,6,12.65,
IRQ,MLE,4,12.66,
HTI,BTSX,2,12.67,
FJI,MLE,4,12.68,
TTO,BTSX,2,12.68,
IDN,MLE,7,12.69,
IRL,BTSX,2,12.69,
KGZ,MLE,2,12.69,
PRT,FMLE,8,12.7,
MYS,FMLE,7,12.72,
SLV,MLE,2,12.73,
HUN,FMLE,5,12.73,
BHS,MLE,7,12.74,
LKA,BTSX,2,12.77,
SOM,BTSX,3,12.78,
MOZ,FMLE,4,12.79,
NZL,MLE,6,12.8,
SWE,FMLE,4,12.8,
TKM,MLE,4,12.8,
IRL,BTSX,3,12.81,
PHL,FMLE,8,12.81,
SEN,FMLE,5,12.81,
SSD,BTSX,5,12.81,
SYC,BTSX,6,12.83,
AGO,FMLE,5,12.84,
BIH,BTSX,4,12.86,
LTU,FMLE,8,12.86,
GTM,MLE,7,12.87,
MKD,FMLE,7,12.87,
VUT,FMLE,5,12.87,
TLS,BTSX,7,12.88,
TTO,BTSX,1,12.91,
ETH,FMLE,5,12.92,
FJI,BTSX,2,12.92,
PRT,MLE,3,12.92,
SGP,BTSX,1,12.92,
FJI,BTSX,6,12.93,
UZB,MLE,7,12.94,
WSM,FMLE,1,12.95,
KGZ,MLE,1,12.96,
UZB,MLE,2,12.96,
MWI,MLE,3,12.98,
PRY,MLE,2,12.98,
LAO,FMLE,8,12.99,
GNQ,MLE,7,122.3,
KOR,MLE,7,122.9,
AGO,MLE,7,123.4,
SWZ,MLE,7,124.3,
MWI,MLE,7,124.6,
SLE,BTSX,8,125.1,
BEN,BTSX,8,126.4,
GUY,BTSX,8,128.7,
DJI,BTSX,8,129.6,
BFA,MLE,7,129.9,
IND,FMLE,4,13.0,
CAN,BTSX,3,13.02,
GRC,MLE,4,13.02,
SLV,BTSX,8,13.04,
TON,MLE,7,13.04,
PRY,MLE,1,13.05,
BHR,MLE,1,13.06,
ECU,BTSX,1,13.08,
DEU,FMLE,7,13.09,
COD,MLE,3,13.1,
PRK,MLE,4,13.11,
GAB,MLE,2,13.11,
SAU,MLE,2,13.11,
NLD,FMLE,5,13.12,
CAN,BTSX,7,13.14,
PAK,BTSX,1,13.15,
VEN,MLE,7,13.15,
LVA,FMLE,7,13.16,
MUS,BTSX,3,13.16,
ITA,MLE,5,13.17,
PAK,MLE,6,13.17,
CAN,BTSX,8,13.18,
LKA,BTSX,3,13.18,
BWA,FMLE,3,13.19,
FRA,FMLE,8,13.19,
LTU,BTSX,1,13.19,
NOR,BTSX,2,13.2,
TTO,BTSX,8,13.2,
BHR,BTSX,2,13.21,
GTM,MLE,5,13.21,
IRL,BTSX,5,13.21,
JPN,FMLE,7,13.22,
BEL,FMLE,6,13.23,
EST,BTSX,4,13.23,
SYC,MLE,1,13.24,
SRB,BTSX,4,13.25,
COM,FMLE,5,13.26,
FRA,BTSX,3,13.27,
ISR,MLE,4,13.27,
PAK,BTSX,3,13.28,
BEN,MLE,2,13.29,
HND,MLE,6,13.3,
MNG,BTSX,6,13.3,
SGP,MLE,6,13.32,
BRA,MLE,3,13.33,
CIV,MLE,2,13.34,
POL,BTSX,6,13.35,
LCA,BTSX,6,13.35,
TKM,MLE,2,13.35,
SLV,MLE,1,13.38,
ITA,BTSX,7,13.38,
AFG,FMLE,6,13.4,
NAM,MLE,1,13.4,
BLR,MLE,1,13.41,
NOR,BTSX,3,13.41,
ISL,BTSX,2,13.42,
IRQ,MLE,5,13.43,
SWE,FMLE,5,13.45,
CHN,MLE,5,13.47,
EST,BTSX,3,13.48,
POL,BTSX,8,13.48,
GBR,BTSX,4,13.48,
MDG,BTSX,4,13.49,
PAN,MLE,7,13.49,
ECU,MLE,3,13.5,
ZMB,FMLE,5,13.5,
ZWE,BTSX,2,13.5,
MUS,MLE,7,13.54,
ARM,MLE,6,13.55,
THA,MLE,4,13.55,
GNQ,FMLE,4,13.56,
IND,FMLE,3,13.57,
ZAF,BTSX,1,13.57,
ESP,BTSX,8,13.57,
UZB,MLE,6,13.57,
GRC,MLE,5,13.59,
UZB,FMLE,1,13.59,
MEX,MLE,3,13.61,
BLZ,BTSX,6,13.62,
FRA,MLE,2,13.63,
SGP,MLE,3,13.64,
BEL,BTSX,2,13.65,
MUS,BTSX,1,13.65,
SWE,FMLE,8,13.65,
ISL,BTSX,3,13.67,
GBR,MLE,2,13.67,
JOR,BTSX,8,13.69,
NOR,BTSX,6,13.69,
SAU,MLE,3,13.69,
CHL,BTSX,4,13.7,
TGO,BTSX,3,13.71,
TTO,MLE,6,13.73,
ARM,BTSX,7,13.74,
DJI,BTSX,3,13.74,
GEO,FMLE,8,13.74,
SLE,MLE,3,13.74,
SUR,FMLE,4,13.74,
SEN,BTSX,4,13.75,
KHM,BTSX,6,13.77,
GEO,BTSX,6,13.77,
IND,BTSX,1,13.77,
YEM,MLE,3,13.78,
BLZ,MLE,4,13.79,
BOL,BTSX,5,13.8,
LUX,BTSX,4,13.8,
YEM,MLE,4,13.84,
BRN,BTSX,7,13.85,
CHL,BTSX,7,13.85,
THA,BTSX,7,13.85,
URY,FMLE,5,13.85,
RWA,BTSX,4,13.86,
NZL,BTSX,5,13.87,
SGP,BTSX,5,13.88,
ARG,BTSX,7,13.91,
LCA,MLE,2,13.91,
URY,FMLE,8,13.91,
MDG,FMLE,5,13.92,
NOR,BTSX,7,13.92,
HTI,MLE,2,13.97,
PNG,BTSX,8,13.98,
VUT,BTSX,8,130.2,
LSO,BTSX,5,130.9,
BDI,BTSX,8,131.0,
CIV,MLE,7,131.3,
CAF,MLE,6,131.4,
UGA,MLE,7,131.4,
SUR,BTSX,8,131.6,
LBR,BTSX,8,132.2,
MRT,MLE,8,133.1,
ETH,BTSX,8,133.5,
FSM,MLE,8,138.7,
CMR,MLE,2,14.0,
NLD,BTSX,6,14.01,
EST,FMLE,7,14.03,
HUN,BTSX,3,14.05,
KGZ,BTSX,3,14.05,
KOR,MLE,1,14.05,
THA,MLE,5,14.05,
CHE,MLE,3,14.06,
MUS,BTSX,2,14.07,
LKA,BTSX,1,14.08,
UZB,BTSX,1,14.09,
CZE,BTSX,4,14.1,
AUT,BTSX,3,14.11,
GEO,BTSX,5,14.13,
LBR,FMLE,5,14.13,
PAK,MLE,5,14.14,
MAR,MLE,3,14.16,
DNK,BTSX,4,14.17,
MAR,MLE,4,14.18,
NOR,BTSX,8,14.18,
STP,BTSX,8,14.19,
BIH,BTSX,5,14.2,
IND,FMLE,6,14.2,
DOM,BTSX,7,14.21,
BTN,BTSX,6,14.25,
NZL,BTSX,3,14.25,
NLD,FMLE,7,14.26,
SGP,BTSX,2,14.26,
CYP,BTSX,8,14.27,
NER,BTSX,4,14.27,
KOR,BTSX,1,14.28,
PRK,FMLE,5,14.29,
GEO,MLE,2,14.3,
FSM,FMLE,3,14.3,
MWI,BTSX,4,14.32,
NLD,FMLE,8,14.32,
IRQ,MLE,6,14.33,
MEX,MLE,7,14.33,
AUS,BTSX,2,14.36,
ITA,MLE,6,14.37,
SWE,MLE,1,14.4,
USA,BTSX,1,14.4,
MNG,BTSX,7,14.41,
WSM,BTSX,5,14.42,
AGO,MLE,3,14.44,
BRA,MLE,4,14.44,
PRY,MLE,5,14.44,
WSM,FMLE,7,14.44,
MKD,BTSX,5,14.45,
BWA,FMLE,4,14.46,
ARE,MLE,8,14.47,
MRT,MLE,5,14.48,
SSD,FMLE,6,14.48,
FSM,FMLE,6,14.49,
AUS,BTSX,7,14.51,
CHL,BTSX,8,14.51,
HRV,MLE,2,14.52,
ROU,BTSX,6,14.52,
TUR,MLE,8,14.52,
POL,MLE,1,14.53,
KOR,FMLE,1,14.53,
CPV,FMLE,5,14.55,
DNK,MLE,3,14.56,
HUN,FMLE,7,14.56,
TGO,MLE,2,14.56,
UKR,FMLE,7,14.56,
KIR,FMLE,2,14.58,
UZB,MLE,1,14.58,
BGR,FMLE,8,14.61,
GTM,MLE,2,14.62,
MNE,BTSX,2,14.62,
DJI,FMLE,5,14.63,
EST,BTSX,1,14.64,
SGP,MLE,4,14.64,
NGA,BTSX,5,14.65,
UGA,BTSX,4,14.66,
GBR,MLE,8,14.66,
HND,BTSX,8,14.68,
GTM,MLE,6,14.69,
LBR,BTSX,5,14.72,
MNE,FMLE,5,14.73,
PRY,MLE,6,14.74,
QAT,FMLE,8,14.74,
NIC,MLE,7,14.75,
SLV,MLE,7,14.76,
BEN,FMLE,5,14.8,
LUX,FMLE,7,14.8,
BWA,FMLE,5,14.81,
KHM,FMLE,8,14.82,
GUY,FMLE,5,14.83,
UZB,MLE,5,14.83,
LAO,MLE,6,14.84,
LTU,FMLE,6,14.84,
CPV,FMLE,6,14.86,
ERI,FMLE,4,14.86,
DNK,BTSX,6,14.87,
NLD,MLE,2,14.87,
GHA,MLE,3,14.91,
ROU,BTSX,7,14.91,
EST,FMLE,8,14.92,
ROU,BTSX,4,14.92,
ESP,MLE,5,14.92,
ESP,MLE,6,14.94,
DEU,BTSX,4,14.95,
QAT,MLE,7,14.96,
BWA,BTSX,2,14.98,
MDA,MLE,1,14.98,
PRT,BTSX,5,14.99,
TKM,FMLE,8,14.99,
GAB,MLE,7,140.3,
RWA,MLE,8,141.5,
MLI,MLE,8,144.5,
KIR,MLE,8,146.6,
CAN,BTSX,5,15.0,
IRL,MLE,8,15.0,
BOL,MLE,4,15.01,
MLI,FMLE,5,15.05,
NZL,BTSX,2,15.06,
ESP,MLE,4,15.07,
VUT,FMLE,1,15.1,
SDN,BTSX,8,15.12,
CUB,FMLE,7,15.13,
COD,FMLE,5,15.13,
PRT,BTSX,4,15.14,
SRB,BTSX,5,15.14,
CMR,BTSX,3,15.15,
CAN,MLE,1,15.15,
BLZ,BTSX,2,15.16,
BGR,BTSX,6,15.16,
BDI,MLE,3,15.16,
FSM,FMLE,5,15.16,
MNG,BTSX,5,15.16,
SVK,MLE,2,15.17,
KHM,MLE,5,15.19,
VNM,BTSX,5,15.19,
AZE,MLE,7,15.22,
BRA,MLE,5,15.23,
NZL,BTSX,4,15.24,
SVN,BTSX,2,15.24,
UZB,BTSX,8,15.25,
MDA,BTSX,7,15.3,
GRC,MLE,7,15.32,
ROU,BTSX,5,15.34,
POL,BTSX,4,15.35,
BRA,BTSX,8,15.36,
LKA,FMLE,8,15.36,
FJI,BTSX,1,15.37,
ECU,MLE,5,15.38,
DNK,FMLE,7,15.39,
LBR,MLE,5,15.39,
TKM,MLE,3,15.43,
OMN,MLE,1,15.51,
CHN,FMLE,6,15.56,
MYS,BTSX,6,15.56,
TZA,MLE,4,15.56,
SWZ,FMLE,6,15.58,
SUR,BTSX,1,15.59,
NPL,BTSX,4,15.6,
FJI,MLE,5,15.63,
VNM,FMLE,6,15.63,
GNQ,FMLE,5,15.66,
THA,BTSX,2,15.66,
DEU,BTSX,5,15.68,
PHL,MLE,7,15.69,
WSM,BTSX,6,15.7,
IND,FMLE,2,15.72,
LKA,MLE,1,15.72,
TGO,FMLE,5,15.73,
MNE,MLE,1,15.76,
ARG,MLE,3,15.78,
COM,MLE,4,15.78,
ITA,BTSX,8,15.79,
ARG,MLE,4,15.8,
SGP,MLE,1,15.81,
TTO,MLE,5,15.81,
ARG,BTSX,8,15.83,
MWI,FMLE,6,15.83,
SYC,BTSX,7,15.84,
GMB,MLE,4,15.85,
TLS,MLE,6,15.85,
URY,FMLE,7,15.86,
DEU,MLE,3,15.87,
ISR,MLE,6,15.87,
KEN,FMLE,6,15.87,
PAK,MLE,4,15.89,
ZMB,BTSX,3,15.89,
CHL,MLE,2,15.9,
BFA,FMLE,5,15.91,
JPN,BTSX,3,15.91,
OMN,MLE,7,15.96,
LBN,MLE,8,15.97,
TJK,MLE,7,15.97,
ZMB,BTSX,8,151.7,
CAF,MLE,7,151.8,
COD,BTSX,8,151.8,
SUR,MLE,7,152.9,
SOM,BTSX,8,153.9,
UGA,BTSX,8,155.2,
UKR,MLE,8,156.4,
ERI,BTSX,8,157.3,
KEN,BTSX,8,158.5,
TZA,BTSX,8,159.9,
GTM,MLE,1,16.0,
BHR,MLE,3,16.02,
SRB,MLE,3,16.02,
BGR,MLE,4,16.03,
SLB,BTSX,6,16.03,
GAB,MLE,3,16.04,
MDA,BTSX,3,16.04,
AUS,BTSX,8,16.05,
FIN,BTSX,1,16.05,
MYS,MLE,5,16.05,
HUN,MLE,2,16.06,
OMN,BTSX,8,16.06,
KEN,MLE,3,16.07,
MLT,MLE,3,16.08,
MAR,MLE,5,16.08,
CAN,BTSX,4,16.09,
DEU,BTSX,6,16.09,
SWE,BTSX,3,16.12,
KOR,FMLE,5,16.14,
AUS,BTSX,5,16.15,
BTN,FMLE,7,16.15,
JPN,BTSX,2,16.15,
FJI,MLE,3,16.17,
AUT,MLE,2,16.2,
FRA,FMLE,7,16.21,
ESP,BTSX,7,16.22,
GHA,BTSX,4,16.23,
ISL,BTSX,6,16.25,
CUB,BTSX,4,16.26,
IND,BTSX,5,16.26,
ISR,MLE,5,16.26,
PRK,FMLE,6,16.28,
TZA,FMLE,6,16.28,
CAN,BTSX,2,16.29,
SWE,BTSX,6,16.3,
BHR,MLE,2,16.32,
DOM,MLE,5,16.34,
KGZ,BTSX,7,16.36,
CHE,FMLE,8,16.44,
ECU,MLE,2,16.45,
NLD,BTSX,7,16.47,
NIC,MLE,8,16.47,
LUX,MLE,3,16.51,
MLI,MLE,4,16.51,
SLB,BTSX,5,16.54,
DNK,BTSX,5,16.58,
JPN,BTSX,6,16.62,
ROU,MLE,3,16.66,
GRC,MLE,8,16.67,
FRA,BTSX,6,16.69,
CAN,MLE,6,16.72,
CRI,MLE,2,16.72,
SVN,BTSX,3,16.73,
NIC,MLE,5,16.74,
CPV,BTSX,3,16.77,
TTO,MLE,3,16.77,
PRT,BTSX,6,16.79,
UGA,FMLE,6,16.79,
ISL,BTSX,4,16.8,
IND,FMLE,1,16.8,
ERI,BTSX,3,16.81,
FIN,BTSX,8,16.82,
SLB,BTSX,4,16.83,
DEU,FMLE,8,16.86,
KIR,FMLE,7,16.86,
AZE,FMLE,8,16.87,
ISL,BTSX,5,16.87,
IND,BTSX,4,16.87,
WSM,MLE,4,16.88,
ZWE,MLE,1,16.88,
KGZ,MLE,5,16.92,
ZAF,BTSX,6,16.92,
FJI,BTSX,7,16.93,
NZL,MLE,1,16.94,
BDI,FMLE,5,16.95,
GNB,BTSX,4,16.96,
PAN,MLE,8,16.97,
KAZ,BTSX,1,16.98,
COL,MLE,7,16.99,
GBR,MLE,5,16.99,
GNB,BTSX,8,160.2,
ZWE,MLE,7,160.5,
SWZ,MLE,3,160.7,
MDG,MLE,8,160.7,
RUS,MLE,8,161.1,
AGO,BTSX,8,165.1,
COM,MLE,8,165.3,
GIN,BTSX,8,165.6,
HRV,MLE,8,166.8,
LSO,BTSX,8,167.0,
GHA,BTSX,8,167.4,
SWZ,MLE,4,168.0,
NAM,MLE,8,169.9,
GAB,BTSX,4,17.0,
NOR,BTSX,4,17.03,
NAM,MLE,2,17.06,
ARE,BTSX,8,17.06,
TCD,MLE,3,17.07,
PAK,BTSX,2,17.07,
FIN,BTSX,6,17.08,
GAB,FMLE,6,17.09,
IRN,MLE,8,17.1,
HTI,BTSX,4,17.11,
AUS,MLE,6,17.12,
MOZ,MLE,1,17.12,
NOR,MLE,6,17.12,
LKA,BTSX,4,17.14,
CHE,FMLE,7,17.15,
IDN,FMLE,8,17.16,
AUS,BTSX,3,17.17,
FIN,BTSX,3,17.18,
BLZ,BTSX,7,17.19,
ARG,MLE,1,17.21,
GMB,FMLE,5,17.21,
BIH,MLE,3,17.22,
CZE,BTSX,5,17.23,
KIR,FMLE,1,17.23,
AUT,BTSX,5,17.24,
SAU,MLE,8,17.25,
USA,BTSX,6,17.25,
VUT,FMLE,7,17.26,
NPL,BTSX,6,17.28,
IRL,BTSX,4,17.29,
ISL,BTSX,1,17.32,
BOL,BTSX,6,17.33,
ISR,MLE,8,17.34,
NER,FMLE,5,17.35,
MDA,BTSX,6,17.36,
CPV,MLE,2,17.37,
NLD,BTSX,4,17.37,
COG,BTSX,4,17.38,
TTO,MLE,1,17.38,
GTM,MLE,8,17.39,
MNE,FMLE,6,17.39,
BHR,MLE,7,17.4,
LTU,FMLE,7,17.41,
KOR,FMLE,4,17.41,
SVK,BTSX,6,17.41,
BLR,FMLE,7,17.42,
VNM,FMLE,8,17.43,
IND,BTSX,6,17.45,
HRV,MLE,3,17.53,
DJI,MLE,3,17.57,
NLD,MLE,3,17.57,
JPN,MLE,1,17.59,
NLD,MLE,6,17.6,
TLS,FMLE,8,17.6,
GNB,FMLE,5,17.61,
HTI,BTSX,3,17.62,
TTO,MLE,7,17.62,
BOL,BTSX,7,17.63,
BRA,MLE,6,17.63,
LCA,MLE,4,17.63,
AUS,MLE,1,17.65,
BWA,FMLE,6,17.65,
TZA,BTSX,5,17.65,
COM,BTSX,5,17.66,
CHE,BTSX,4,17.66,
MLT,MLE,4,17.68,
GNB,MLE,3,17.71,
HTI,BTSX,5,17.71,
BWA,MLE,1,17.72,
ECU,MLE,1,17.75,
BTN,MLE,6,17.78,
SVN,FMLE,6,17.78,
BGD,MLE,7,17.8,
BLR,BTSX,2,17.8,
CZE,BTSX,6,17.81,
RUS,BTSX,1,17.81,
LVA,MLE,1,17.84,
POL,BTSX,5,17.86,
SGP,BTSX,7,17.86,
GNQ,BTSX,4,17.87,
SLE,BTSX,4,17.88,
KOR,FMLE,6,17.89,
SYC,MLE,3,17.95,
SWE,BTSX,4,17.97,
DOM,BTSX,8,17.98,
DJI,BTSX,4,17.99,
SLV,MLE,6,17.99,
NER,BTSX,8,170.4,
TCD,BTSX,8,172.2,
MWI,BTSX,8,173.5,
LBR,MLE,8,175.6,
GAB,BTSX,8,177.5,
VNM,FMLE,7,18.03,
ARG,MLE,5,18.05,
ETH,MLE,4,18.05,
SLB,BTSX,7,18.06,
IND,BTSX,3,18.08,
AUT,BTSX,6,18.1,
BLZ,MLE,5,18.12,
CZE,MLE,2,18.13,
FJI,MLE,1,18.13,
NOR,BTSX,5,18.14,
NPL,FMLE,8,18.16,
ARG,MLE,2,18.17,
FIN,BTSX,4,18.18,
GBR,MLE,3,18.19,
TTO,MLE,4,18.21,
FIN,BTSX,7,18.22,
MLI,BTSX,5,18.22,
LUX,MLE,4,18.24,
MAR,MLE,6,18.24,
KOR,FMLE,2,18.25,
COG,FMLE,5,18.26,
BEN,MLE,3,18.27,
NAM,BTSX,3,18.28,
BIH,BTSX,6,18.31,
DNK,FMLE,8,18.32,
VEN,MLE,8,18.32,
FJI,MLE,2,18.33,
WSM,MLE,5,18.33,
CRI,MLE,3,18.34,
NPL,BTSX,5,18.37,
MDA,BTSX,8,18.4,
FIN,BTSX,5,18.41,
NLD,BTSX,5,18.46,
LAO,MLE,7,18.47,
ECU,MLE,6,18.48,
UZB,MLE,3,18.5,
YEM,BTSX,8,18.52,
IRQ,MLE,7,18.54,
LBY,MLE,8,18.54,
THA,BTSX,8,18.54,
IND,BTSX,2,18.56,
BHR,FMLE,8,18.58,
NGA,FMLE,6,18.61,
SYC,MLE,4,18.61,
BDI,BTSX,4,18.63,
NZL,MLE,7,18.63,
ERI,MLE,2,18.64,
AGO,FMLE,6,18.65,
BLZ,MLE,3,18.65,
MNE,BTSX,3,18.65,
BFA,MLE,3,18.68,
NAM,FMLE,7,18.68,
FJI,MLE,6,18.72,
LCA,MLE,3,18.72,
RUS,FMLE,7,18.74,
SVK,BTSX,7,18.74,
COD,BTSX,4,18.76,
UZB,MLE,4,18.76,
BOL,BTSX,8,18.77,
JPN,BTSX,5,18.77,
MRT,FMLE,6,18.78,
GIN,MLE,3,18.79,
KEN,BTSX,4,18.82,
AUS,BTSX,4,18.83,
GEO,MLE,3,18.83,
NOR,MLE,3,18.84,
SRB,BTSX,6,18.84,
WSM,BTSX,3,18.9,
MDG,MLE,4,18.91,
LKA,MLE,2,18.91,
CUB,MLE,3,18.92,
GIN,BTSX,4,18.92,
PAK,MLE,7,18.92,
PRK,BTSX,5,18.95,
MOZ,BTSX,2,18.96,
ZAF,FMLE,3,18.97,
MNE,MLE,8,182.9,
ZWE,BTSX,8,183.9,
BLR,MLE,8,186.3,
COG,BTSX,8,187.0,
LSO,BTSX,3,188.2,
PRK,MLE,8,188.4,
CAF,BTSX,8,189.8,
CHL,MLE,3,19.03,
EGY,MLE,8,19.04,
CRI,MLE,1,19.06,
CHN,BTSX,6,19.07,
WSM,BTSX,7,19.07,
NLD,MLE,7,19.09,
SWE,BTSX,7,19.09,
SUR,MLE,1,19.1,
PAK,MLE,1,19.11,
LSO,FMLE,1,19.13,
MOZ,FMLE,5,19.14,
SWZ,BTSX,1,19.19,
CMR,FMLE,5,19.21,
SYC,BTSX,8,19.21,
PRY,MLE,8,19.24,
PHL,BTSX,8,19.24,
THA,MLE,6,19.24,
NOR,MLE,2,19.26,
VUT,BTSX,4,19.26,
JOR,MLE,8,19.27,
ZMB,FMLE,6,19.3,
CUB,FMLE,8,19.33,
USA,BTSX,3,19.34,
PAK,MLE,3,19.37,
ECU,MLE,7,19.38,
SYC,MLE,5,19.38,
NIC,MLE,6,19.39,
KOR,FMLE,3,19.41,
FRA,BTSX,4,19.43,
USA,BTSX,8,19.44,
EST,MLE,2,19.45,
SWE,BTSX,2,19.48,
LUX,BTSX,6,19.49,
MDG,FMLE,6,19.51,
ISR,MLE,7,19.52,
BGD,BTSX,8,19.53,
NLD,BTSX,8,19.54,
SGP,MLE,2,19.54,
BEN,BTSX,4,19.55,
IRL,MLE,6,19.57,
CRI,MLE,5,19.59,
SGP,MLE,5,19.6,
USA,BTSX,7,19.6,
IRL,MLE,2,19.61,
LUX,BTSX,5,19.61,
NGA,MLE,5,19.62,
SSD,MLE,5,19.62,
SVK,BTSX,4,19.64,
SVK,BTSX,5,19.64,
AUT,BTSX,4,19.65,
SRB,FMLE,7,19.69,
GEO,BTSX,7,19.71,
ZAF,FMLE,2,19.74,
SUR,FMLE,5,19.76,
BEL,FMLE,7,19.78,
HTI,BTSX,6,19.81,
BEL,FMLE,8,19.82,
MEX,MLE,8,19.83,
CZE,BTSX,7,19.85,
SWE,BTSX,5,19.86,
TTO,MLE,2,19.89,
BIH,FMLE,8,19.91,
TON,BTSX,8,19.92,
BEL,FMLE,5,19.95,
USA,BTSX,4,19.98,
GMB,BTSX,8,191.7,
MOZ,MLE,7,196.7,
BRN,FMLE,4,2.0,
DOM,FMLE,1,2.01,
SLV,FMLE,4,2.01,
GEO,FMLE,3,2.01,
IRN,FMLE,5,2.01,
OMN,FMLE,1,2.01,
MDV,BTSX,3,2.02,
MDV,FMLE,6,2.03,
RWA,FMLE,1,2.03,
TLS,FMLE,3,2.03,
CPV,FMLE,2,2.04,
MLI,FMLE,1,2.04,
MLT,FMLE,1,2.04,
CRI,FMLE,5,2.05,
GTM,FMLE,4,2.05,
STP,BTSX,2,2.07,
SYC,FMLE,6,2.07,
TCD,FMLE,2,2.08,
CHL,FMLE,7,2.08,
PAN,FMLE,1,2.08,
CYP,FMLE,3,2.09,
GRC,BTSX,1,2.1,
BLR,FMLE,1,2.11,
ARM,FMLE,7,2.12,
SLV,FMLE,6,2.12,
BGD,FMLE,4,2.13,
COL,FMLE,8,2.13,
GTM,FMLE,3,2.13,
TTO,FMLE,5,2.13,
BGR,FMLE,1,2.14,
GEO,FMLE,1,2.14,
BHR,FMLE,6,2.15,
KWT,BTSX,1,2.15,
BGD,FMLE,6,2.16,
BLZ,FMLE,4,2.16,
SAU,FMLE,6,2.16,
SVK,FMLE,3,2.16,
NAM,FMLE,2,2.17,
MKD,FMLE,1,2.17,
LCA,FMLE,3,2.17,
LCA,FMLE,5,2.17,
COL,FMLE,2,2.18,
IRN,FMLE,4,2.18,
SSD,FMLE,3,2.18,
TUN,FMLE,1,2.18,
NIC,FMLE,3,2.19,
ROU,FMLE,2,2.19,
TKM,FMLE,3,2.19,
DOM,FMLE,2,2.2,
LBN,FMLE,3,2.2,
BLZ,FMLE,1,2.21,
GNB,FMLE,1,2.22,
BHS,FMLE,8,2.23,
NIC,FMLE,2,2.23,
EGY,FMLE,4,2.24,
SAU,FMLE,5,2.24,
VEN,BTSX,4,2.24,
LBR,FMLE,2,2.25,
NAM,FMLE,1,2.25,
SYR,BTSX,1,2.25,
TLS,FMLE,2,2.25,
POL,FMLE,2,2.26,
ESP,FMLE,2,2.26,
SLV,FMLE,7,2.28,
MDV,BTSX,4,2.28,
HND,BTSX,3,2.29,
LCA,FMLE,4,2.3,
DZA,BTSX,5,2.32,
MKD,FMLE,3,2.32,
ISL,FMLE,5,2.33,
JOR,FMLE,6,2.33,
OMN,FMLE,6,2.33,
DOM,FMLE,4,2.34,
GTM,FMLE,5,2.34,
MLI,FMLE,2,2.34,
POL,FMLE,1,2.34,
AZE,FMLE,5,2.35,
CAF,FMLE,1,2.35,
GHA,FMLE,4,2.35,
JOR,MLE,1,2.35,
RWA,FMLE,2,2.35,
ZMB,FMLE,2,2.35,
COG,FMLE,2,2.36,
GRC,FMLE,3,2.36,
SEN,FMLE,2,2.36,
HND,FMLE,6,2.37,
STP,BTSX,3,2.37,
TZA,FMLE,3,2.37,
SOM,FMLE,1,2.38,
HND,MLE,1,2.39,
JAM,MLE,1,2.39,
TKM,FMLE,4,2.39,
TUR,FMLE,1,2.4,
UZB,FMLE,5,2.4,
BGR,FMLE,2,2.42,
JOR,BTSX,2,2.42,
NER,FMLE,2,2.42,
BDI,FMLE,1,2.43,
LBN,FMLE,1,2.43,
LBN,FMLE,6,2.43,
SLB,FMLE,1,2.43,
TGO,FMLE,1,2.43,
TUR,FMLE,7,2.43,
GMB,FMLE,2,2.45,
OMN,FMLE,7,2.45,
MDA,FMLE,1,2.45,
SSD,BTSX,1,2.45,
IRN,FMLE,6,2.46,
ISR,FMLE,4,2.46,
STP,MLE,1,2.46,
GAB,FMLE,3,2.47,
HRV,FMLE,1,2.48,
TUN,FMLE,6,2.48,
TTO,FMLE,4,2.49,
VEN,BTSX,3,2.49,
HRV,FMLE,2,2.5,
GRC,FMLE,6,2.5,
ERI,FMLE,2,2.51,
IRQ,FMLE,1,2.51,
JAM,FMLE,7,2.52,
PNG,FMLE,4,2.52,
PER,FMLE,7,2.52,
CYP,FMLE,7,2.53,
PER,FMLE,1,2.54,
BHS,FMLE,2,2.56,
LBN,FMLE,2,2.56,
MMR,FMLE,6,2.56,
SRB,FMLE,2,2.56,
DZA,FMLE,1,2.57,
IDN,BTSX,1,2.57,
VCT,MLE,1,2.57,
MRT,MLE,1,2.58,
ECU,FMLE,4,2.61,
VEN,BTSX,2,2.61,
MDV,FMLE,7,2.62,
TTO,FMLE,6,2.62,
CRI,FMLE,1,2.63,
CIV,FMLE,2,2.63,
DNK,FMLE,1,2.63,
PHL,BTSX,4,2.63,
QAT,FMLE,3,2.63,
ECU,FMLE,5,2.64,
LCA,FMLE,7,2.64,
DZA,BTSX,4,2.65,
CRI,FMLE,3,2.66,
JOR,BTSX,3,2.66,
SRB,BTSX,1,2.66,
CUB,FMLE,2,2.67,
DEU,FMLE,1,2.67,
JOR,BTSX,4,2.67,
MEX,FMLE,7,2.67,
PHL,FMLE,6,2.67,
LCA,FMLE,6,2.67,
TUN,FMLE,2,2.67,
AGO,FMLE,3,2.68,
AUT,FMLE,2,2.68,
BRA,FMLE,2,2.68,
ITA,BTSX,1,2.68,
MDG,FMLE,2,2.68,
OMN,FMLE,8,2.68,
PRY,FMLE,7,2.68,
BHR,FMLE,3,2.69,
CHL,FMLE,6,2.69,
KGZ,FMLE,2,2.69,
PAN,FMLE,8,2.69,
AUT,FMLE,1,2.7,
BHR,FMLE,1,2.7,
BDI,FMLE,2,2.7,
MLT,FMLE,5,2.7,
GTM,FMLE,6,2.71,
RWA,FMLE,3,2.71,
ESP,BTSX,1,2.71,
GRC,FMLE,4,2.72,
IDN,BTSX,3,2.72,
PHL,BTSX,3,2.72,
PHL,MLE,1,2.72,
THA,FMLE,2,2.72,
ALB,BTSX,2,2.73,
ISR,FMLE,2,2.73,
PNG,FMLE,3,2.73,
POL,FMLE,3,2.73,
ETH,FMLE,3,2.74,
SYR,BTSX,4,2.74,
CHN,FMLE,1,2.76,
MLT,FMLE,4,2.76,
MEX,FMLE,3,2.76,
PAN,BTSX,3,2.76,
STP,FMLE,5,2.76,
VEN,BTSX,5,2.76,
DZA,BTSX,6,2.77,
EGY,FMLE,3,2.78,
IRL,FMLE,1,2.78,
SVN,FMLE,1,2.78,
VEN,BTSX,1,2.78,
CMR,FMLE,1,2.79,
JOR,BTSX,5,2.79,
NGA,MLE,1,2.79,
PRT,FMLE,2,2.79,
GBR,FMLE,1,2.79,
GTM,FMLE,2,2.8,
TUR,BTSX,2,2.8,
CYP,BTSX,2,2.81,
MDV,MLE,3,2.81,
SLB,FMLE,2,2.81,
BIH,FMLE,2,2.82,
EGY,FMLE,2,2.82,
GTM,FMLE,7,2.82,
ITA,FMLE,3,2.82,
TLS,FMLE,4,2.82,
MDA,FMLE,2,2.83,
SYR,BTSX,3,2.83,
TON,FMLE,4,2.83,
NPL,FMLE,1,2.84,
PHL,BTSX,5,2.84,
SYR,BTSX,5,2.84,
BEN,FMLE,1,2.86,
DOM,FMLE,5,2.86,
LBN,FMLE,7,2.86,
ROU,FMLE,3,2.86,
TUR,BTSX,1,2.86,
BTN,BTSX,1,2.87,
BRA,FMLE,1,2.87,
BFA,FMLE,1,2.87,
IDN,BTSX,2,2.87,
ETH,BTSX,1,2.88,
MLI,BTSX,1,2.89,
ARG,FMLE,6,2.91,
COD,FMLE,3,2.91,
ARE,FMLE,4,2.91,
LBR,BTSX,1,2.92,
BLZ,FMLE,5,2.93,
BTN,FMLE,3,2.93,
LBY,FMLE,1,2.93,
PRT,BTSX,1,2.93,
CHE,FMLE,1,2.93,
BGD,FMLE,1,2.94,
ECU,FMLE,3,2.94,
TUR,BTSX,5,2.94,
IRN,FMLE,3,2.95,
MRT,BTSX,2,2.95,
SYR,BTSX,2,2.95,
IDN,FMLE,6,2.96,
MKD,BTSX,1,2.96,
SAU,FMLE,2,2.96,
DZA,FMLE,2,2.97,
EGY,FMLE,5,2.98,
MEX,FMLE,2,2.98,
PNG,BTSX,1,2.98,
SDN,FMLE,5,2.98,
MUS,FMLE,3,2.99,
JPN,BTSX,8,20.0,
SYC,MLE,2,20.01,
HND,MLE,7,20.02,
FRA,BTSX,5,20.04,
LUX,BTSX,8,20.04,
HRV,FMLE,7,20.05,
GBR,MLE,4,20.06,
GUY,FMLE,4,20.07,
ZAF,BTSX,7,20.08,
KGZ,MLE,6,20.09,
MNG,BTSX,1,20.1,
GIN,FMLE,5,20.11,
ZAF,MLE,1,20.11,
MKD,MLE,4,20.12,
CIV,FMLE,6,20.13,
CHL,MLE,6,20.15,
CAN,MLE,3,20.16,
MAR,MLE,7,20.16,
SUR,FMLE,2,20.16,
MKD,BTSX,6,20.17,
SRB,MLE,4,20.18,
TCD,FMLE,5,20.2,
NPL,MLE,1,20.21,
CZE,MLE,3,20.22,
JPN,BTSX,4,20.27,
MKD,MLE,5,20.34,
TKM,BTSX,8,20.34,
DOM,MLE,6,20.39,
CAF,FMLE,4,20.4,
GNQ,FMLE,6,20.4,
GUY,FMLE,2,20.4,
MUS,MLE,4,20.4,
MNE,MLE,2,20.41,
NPL,MLE,2,20.41,
RWA,FMLE,6,20.41,
ZWE,FMLE,3,20.44,
KGZ,MLE,4,20.45,
BEL,FMLE,4,20.46,
ALB,FMLE,8,20.48,
AGO,BTSX,4,20.49,
AUT,MLE,3,20.53,
TCD,BTSX,4,20.55,
LCA,MLE,5,20.55,
IND,MLE,4,20.56,
BIH,MLE,4,20.57,
CRI,MLE,4,20.61,
SUR,FMLE,6,20.62,
IND,FMLE,7,20.65,
MYS,BTSX,7,20.65,
MDA,MLE,2,20.67,
LCA,BTSX,7,20.68,
COM,FMLE,6,20.7,
NER,MLE,4,20.71,
KAZ,BTSX,2,20.72,
JPN,BTSX,7,20.73,
ARE,FMLE,8,20.73,
BEL,BTSX,3,20.74,
SOM,FMLE,5,20.74,
NOR,MLE,7,20.76,
SLE,FMLE,5,20.76,
BEL,MLE,2,20.78,
KHM,MLE,7,20.81,
IND,MLE,6,20.81,
UKR,MLE,1,20.83,
FIN,MLE,1,20.85,
ZWE,MLE,2,20.87,
BTN,FMLE,8,20.89,
SOM,MLE,3,20.9,
AUS,MLE,7,20.93,
URY,BTSX,1,20.93,
MUS,MLE,6,20.98,
FIN,BTSX,2,20.99,
SLE,MLE,8,200.7,
NGA,BTSX,8,201.1,
LSO,BTSX,4,201.6,
SSD,MLE,8,201.6,
SEN,BTSX,8,205.0,
GNQ,BTSX,8,205.1,
TLS,MLE,7,21.0,
IND,MLE,5,21.01,
PRK,FMLE,7,21.02,
CHE,BTSX,5,21.03,
NPL,BTSX,7,21.06,
FSM,FMLE,7,21.07,
CAN,MLE,7,21.08,
HUN,BTSX,4,21.08,
ETH,BTSX,5,21.09,
IND,MLE,2,21.11,
LKA,MLE,3,21.11,
GEO,MLE,4,21.12,
NPL,MLE,3,21.12,
FRA,MLE,3,21.14,
FSM,FMLE,2,21.14,
CHE,BTSX,6,21.15,
GNQ,MLE,4,21.16,
HTI,BTSX,7,21.16,
KAZ,FMLE,7,21.16,
THA,MLE,3,21.17,
MDV,MLE,7,21.18,
POL,MLE,2,21.18,
ISL,MLE,6,21.19,
ARG,MLE,6,21.2,
SVK,MLE,3,21.2,
EST,MLE,1,21.22,
IRL,MLE,3,21.24,
USA,BTSX,5,21.27,
CZE,BTSX,8,21.28,
CZE,MLE,4,21.31,
HRV,BTSX,4,21.32,
CIV,MLE,3,21.33,
IRL,MLE,5,21.33,
KGZ,FMLE,8,21.35,
BGR,MLE,5,21.36,
POL,MLE,3,21.4,
KIR,FMLE,8,21.42,
VNM,BTSX,8,21.44,
LVA,BTSX,6,21.48,
AFG,FMLE,8,21.49,
DNK,MLE,4,21.5,
RWA,BTSX,5,21.54,
ZAF,BTSX,5,21.54,
VNM,MLE,5,21.54,
CAF,BTSX,3,21.56,
LTU,MLE,1,21.57,
CHL,MLE,5,21.6,
KHM,BTSX,8,21.62,
COD,FMLE,6,21.66,
DNK,MLE,6,21.66,
MDG,BTSX,5,21.7,
RWA,MLE,4,21.71,
EST,BTSX,7,21.83,
HUN,MLE,3,21.83,
NZL,MLE,3,21.87,
TUN,MLE,8,21.91,
LKA,BTSX,5,21.93,
BFA,BTSX,4,21.95,
EST,MLE,3,21.95,
TGO,MLE,3,21.95,
DEU,MLE,4,21.96,
MUS,MLE,1,21.97,
SUR,FMLE,7,21.97,
KHM,MLE,6,21.98,
DJI,MLE,8,210.1,
LSO,MLE,6,210.6,
CMR,BTSX,8,212.8,
CPV,MLE,8,214.2,
VUT,MLE,8,215.0,
ETH,MLE,8,217.6,
BFA,BTSX,8,218.2,
ROU,BTSX,8,22.02,
MLI,MLE,5,22.03,
KWT,BTSX,8,22.04,
NZL,MLE,5,22.04,
BRA,MLE,7,22.05,
WSM,FMLE,8,22.05,
TJK,FMLE,8,22.12,
CAN,MLE,5,22.17,
AUS,MLE,2,22.18,
VUT,BTSX,5,22.19,
LVA,BTSX,2,22.22,
BEL,BTSX,6,22.25,
IND,MLE,3,22.26,
QAT,BTSX,8,22.26,
WSM,MLE,6,22.26,
SEN,FMLE,6,22.28,
COM,MLE,5,22.29,
KAZ,BTSX,5,22.29,
USA,MLE,1,22.34,
BOL,MLE,5,22.36,
KOR,BTSX,2,22.4,
DNK,MLE,5,22.42,
EST,MLE,4,22.47,
FSM,FMLE,1,22.48,
SWZ,FMLE,7,22.51,
NZL,MLE,4,22.53,
PRK,BTSX,6,22.64,
HUN,FMLE,8,22.65,
ITA,MLE,7,22.67,
JPN,MLE,6,22.72,
THA,MLE,7,22.74,
CHN,MLE,6,22.77,
MYS,MLE,6,22.82,
ALB,BTSX,8,22.84,
DJI,FMLE,6,22.87,
VNM,BTSX,6,22.88,
SLV,MLE,3,22.93,
CAN,MLE,4,22.97,
SWE,MLE,4,22.98,
TGO,BTSX,8,220.9,
BWA,MLE,8,222.6,
LSO,MLE,7,228.7,
BLZ,BTSX,8,23.05,
CIV,BTSX,4,23.05,
IRQ,BTSX,8,23.08,
URY,BTSX,4,23.12,
BLZ,MLE,6,23.13,
CHL,MLE,4,23.13,
MUS,MLE,3,23.15,
IDN,BTSX,8,23.17,
MNG,BTSX,4,23.17,
SEN,MLE,4,23.17,
KAZ,MLE,1,23.22,
DEU,MLE,5,23.23,
PNG,MLE,8,23.24,
JPN,MLE,3,23.27,
WSM,BTSX,2,23.27,
NOR,MLE,4,23.28,
CUB,BTSX,5,23.35,
SWE,MLE,3,23.37,
JPN,MLE,2,23.38,
ERI,FMLE,5,23.39,
PRT,MLE,4,23.41,
KGZ,MLE,3,23.43,
AGO,FMLE,7,23.49,
GAB,FMLE,7,23.53,
GMB,BTSX,5,23.57,
FSM,BTSX,4,23.6,
ETH,FMLE,6,23.62,
SWE,MLE,6,23.64,
VUT,BTSX,6,23.64,
BGR,BTSX,7,23.67,
MRT,BTSX,6,23.67,
NZL,MLE,2,23.68,
SOM,BTSX,4,23.69,
BIH,MLE,5,23.73,
TGO,FMLE,6,23.73,
NLD,MLE,5,23.77,
UKR,BTSX,2,23.77,
KEN,BTSX,5,23.78,
NER,BTSX,5,23.78,
BIH,BTSX,7,23.79,
SRB,MLE,5,23.8,
KIR,BTSX,6,23.82,
BEN,FMLE,6,23.83,
PRT,MLE,5,23.83,
USA,BTSX,2,23.84,
NLD,MLE,4,23.85,
BDI,FMLE,6,23.86,
HUN,BTSX,6,23.91,
COG,FMLE,6,23.93,
AZE,BTSX,8,23.97,
BEN,MLE,8,236.5,
DJI,BTSX,5,24.01,
NOR,MLE,5,24.01,
URY,BTSX,3,24.01,
PRK,MLE,5,24.03,
DJI,MLE,4,24.03,
ISL,MLE,1,24.06,
FRA,MLE,6,24.07,
MDA,BTSX,4,24.08,
KAZ,BTSX,6,24.11,
SSD,FMLE,7,24.12,
GHA,BTSX,5,24.16,
SDN,MLE,8,24.21,
SLB,BTSX,1,24.22,
CHE,MLE,4,24.24,
DNK,BTSX,7,24.28,
HTI,MLE,3,24.28,
BWA,FMLE,7,24.29,
WSM,BTSX,1,24.29,
CMR,MLE,3,24.3,
ZWE,FMLE,5,24.31,
SLE,MLE,4,24.32,
MLI,FMLE,6,24.33,
SYC,MLE,6,24.35,
SWE,BTSX,8,24.37,
EST,BTSX,6,24.39,
VNM,BTSX,7,24.44,
AFG,BTSX,8,24.46,
LVA,BTSX,3,24.46,
EST,BTSX,5,24.49,
TGO,BTSX,4,24.5,
SVN,BTSX,4,24.57,
LUX,BTSX,7,24.62,
HRV,BTSX,6,24.63,
MUS,MLE,2,24.66,
MMR,MLE,8,24.7,
DEU,MLE,6,24.72,
LAO,BTSX,8,24.72,
UKR,BTSX,5,24.72,
LCA,MLE,6,24.74,
MNG,MLE,6,24.75,
KIR,BTSX,4,24.79,
AUS,MLE,5,24.8,
SVN,MLE,3,24.89,
BHS,MLE,8,24.91,
COG,MLE,4,24.99,
BDI,MLE,8,243.8,
MOZ,BTSX,8,246.1,
HTI,MLE,4,25.03,
POL,MLE,7,25.06,
DOM,MLE,7,25.07,
HRV,BTSX,5,25.1,
FJI,FMLE,8,25.12,
UKR,BTSX,6,25.14,
MOZ,FMLE,6,25.22,
MOZ,BTSX,3,25.23,
LBR,FMLE,6,25.25,
COD,FMLE,7,25.28,
SEN,BTSX,5,25.28,
HRV,FMLE,8,25.33,
ROU,MLE,4,25.36,
UZB,MLE,8,25.36,
SVN,MLE,2,25.38,
MKD,BTSX,7,25.43,
MWI,BTSX,5,25.45,
GUY,FMLE,3,25.46,
NOR,MLE,8,25.5,
BTN,BTSX,7,25.52,
SVN,BTSX,5,25.53,
BLR,BTSX,3,25.56,
KIR,BTSX,5,25.56,
POL,MLE,6,25.56,
FJI,MLE,7,25.57,
LVA,BTSX,8,25.59,
CAN,MLE,2,25.62,
AUT,MLE,5,25.64,
MNE,BTSX,4,25.65,
ZWE,FMLE,4,25.68,
ISL,MLE,4,25.72,
UGA,FMLE,7,25.72,
SUR,BTSX,3,25.75,
MWI,MLE,4,25.76,
SVK,BTSX,8,25.85,
MDG,FMLE,7,25.9,
WSM,MLE,7,25.9,
UGA,BTSX,5,25.92,
NGA,FMLE,7,25.97,
FSM,BTSX,5,25.98,
SLB,BTSX,3,25.99,
TZA,FMLE,7,25.99,
NER,MLE,8,251.6,
LSO,MLE,5,254.7,
SOM,MLE,8,258.5,
KAZ,MLE,8,259.7,
CUB,MLE,4,26.0,
ALB,MLE,8,26.04,
BWA,MLE,2,26.04,
KOR,MLE,2,26.07,
UGA,MLE,4,26.08,
COL,MLE,8,26.12,
PRT,MLE,6,26.12,
GNB,MLE,4,26.15,
GNB,FMLE,6,26.16,
SLE,BTSX,5,26.16,
ECU,MLE,8,26.21,
SWE,MLE,5,26.21,
ISL,MLE,2,26.24,
FSM,BTSX,6,26.29,
AUS,MLE,3,26.32,
FIN,MLE,4,26.32,
GEO,MLE,5,26.32,
POL,MLE,4,26.34,
CMR,BTSX,4,26.37,
PAK,MLE,2,26.41,
LTU,BTSX,2,26.45,
NAM,BTSX,5,26.47,
MRT,FMLE,7,26.49,
DEU,BTSX,7,26.5,
MNE,FMLE,7,26.5,
GNQ,FMLE,7,26.55,
MWI,FMLE,7,26.55,
URY,BTSX,2,26.62,
GHA,FMLE,8,26.63,
KIR,BTSX,7,26.65,
LVA,BTSX,5,26.71,
GEO,MLE,6,26.75,
FIN,MLE,3,26.76,
TTO,MLE,8,26.78,
KAZ,BTSX,4,26.79,
MNG,BTSX,8,26.81,
ZMB,FMLE,7,26.81,
MYS,FMLE,8,26.83,
ZMB,BTSX,4,26.83,
NZL,MLE,8,26.84,
RUS,BTSX,2,26.86,
ZWE,BTSX,3,26.88,
JPN,MLE,5,26.89,
PRT,BTSX,7,26.89,
SRB,MLE,6,26.91,
BFA,FMLE,6,26.92,
LVA,BTSX,7,26.93,
PRK,BTSX,7,26.97,
ISL,MLE,3,26.97,
GIN,MLE,8,261.1,
HTI,MLE,5,27.01,
FIN,MLE,6,27.03,
MDA,BTSX,5,27.04,
LUX,MLE,6,27.12,
GMB,FMLE,6,27.15,
AUS,MLE,8,27.16,
COM,BTSX,6,27.18,
KEN,FMLE,7,27.26,
ROU,MLE,5,27.27,
CUB,BTSX,6,27.28,
CAF,FMLE,5,27.29,
SSD,BTSX,6,27.3,
CAN,MLE,8,27.32,
CZE,MLE,5,27.32,
ERI,MLE,3,27.34,
ZMB,MLE,3,27.35,
CYP,MLE,8,27.36,
BGR,MLE,6,27.38,
ROU,MLE,6,27.41,
SLV,MLE,8,27.44,
IND,BTSX,7,27.48,
MDV,BTSX,8,27.51,
AUT,MLE,4,27.58,
SWE,MLE,2,27.58,
MNE,MLE,3,27.65,
BLZ,MLE,2,27.69,
AUS,MLE,4,27.7,
IRL,MLE,4,27.7,
NER,FMLE,6,27.7,
GIN,BTSX,5,27.72,
RUS,BTSX,6,27.77,
FSM,BTSX,7,27.8,
TZA,MLE,5,27.83,
CPV,FMLE,7,27.86,
NAM,BTSX,6,27.88,
ARM,BTSX,8,27.89,
WSM,MLE,3,27.94,
CIV,BTSX,8,279.9,
KGZ,MLE,7,28.0,
ESP,MLE,7,28.01,
GAB,MLE,4,28.02,
CPV,MLE,3,28.03,
FIN,MLE,5,28.09,
SLB,MLE,6,28.13,
SLB,MLE,5,28.17,
SOM,FMLE,6,28.17,
RUS,MLE,1,28.18,
MNG,MLE,5,28.22,
FRA,BTSX,8,28.24,
RUS,BTSX,5,28.27,
CIV,FMLE,7,28.35,
MDA,MLE,3,28.36,
UKR,FMLE,8,28.38,
USA,MLE,6,28.43,
BLR,FMLE,8,28.45,
MAR,BTSX,8,28.45,
BOL,MLE,6,28.46,
TJK,BTSX,8,28.46,
BEL,BTSX,4,28.48,
BEN,BTSX,5,28.54,
THA,MLE,2,28.55,
AFG,MLE,8,28.6,
FRA,BTSX,7,28.63,
HUN,BTSX,5,28.63,
ZAF,MLE,6,28.66,
CMR,FMLE,6,28.67,
BEL,BTSX,5,28.69,
SWE,MLE,7,28.69,
JPN,MLE,4,28.71,
BRN,MLE,7,28.73,
COG,FMLE,7,28.74,
CPV,BTSX,4,28.84,
VUT,BTSX,3,28.84,
LVA,BTSX,4,28.85,
ROU,MLE,7,28.87,
PAK,BTSX,8,28.89,
USA,MLE,4,28.89,
KOR,MLE,8,289.3,
GNB,MLE,8,289.7,
URY,BTSX,5,29.02,
USA,MLE,3,29.04,
NPL,MLE,4,29.05,
NAM,BTSX,4,29.07,
KEN,MLE,4,29.08,
VUT,BTSX,7,29.2,
LUX,MLE,5,29.24,
MYS,MLE,7,29.31,
BDI,MLE,4,29.32,
LBR,BTSX,6,29.36,
NLD,MLE,8,29.36,
BOL,MLE,7,29.41,
KOR,BTSX,3,29.45,
COM,FMLE,7,29.48,
MLI,BTSX,6,29.48,
HND,MLE,8,29.55,
MUS,MLE,8,29.57,
ERI,BTSX,4,29.58,
GIN,FMLE,6,29.62,
NGA,BTSX,6,29.62,
LKA,MLE,4,29.65,
GIN,MLE,4,29.68,
BEL,BTSX,7,29.72,
VUT,MLE,4,29.74,
SUR,BTSX,4,29.76,
MNG,MLE,7,29.8,
CAF,FMLE,6,29.82,
KGZ,BTSX,8,29.83,
NER,MLE,5,29.86,
QAT,MLE,8,29.88,
MRT,MLE,6,29.92,
URY,BTSX,6,29.96,
LTU,BTSX,3,29.97,
BLR,MLE,2,29.99,
GMB,MLE,8,292.1,
ERI,MLE,8,292.4,
LSO,MLE,3,294.1,
SUR,MLE,8,298.0,
SLV,FMLE,2,3.0,
JAM,BTSX,2,3.0,
KEN,BTSX,1,3.0,
MYS,FMLE,4,3.0,
TUN,FMLE,3,3.0,
DZA,FMLE,7,3.01,
BRN,BTSX,4,3.01,
NPL,FMLE,2,3.01,
PHL,BTSX,2,3.01,
THA,FMLE,3,3.01,
TKM,FMLE,2,3.01,
DZA,FMLE,3,3.02,
SLB,FMLE,3,3.02,
TON,FMLE,3,3.02,
VNM,FMLE,3,3.02,
GRC,FMLE,5,3.03,
IRQ,FMLE,2,3.03,
QAT,BTSX,5,3.03,
SAU,FMLE,4,3.03,
PRY,FMLE,5,3.04,
QAT,FMLE,2,3.04,
TLS,FMLE,1,3.04,
BGD,FMLE,7,3.05,
GIN,FMLE,1,3.05,
SLE,FMLE,1,3.05,
BLZ,FMLE,2,3.06,
ISR,FMLE,5,3.06,
VCT,BTSX,7,3.06,
ISR,FMLE,3,3.08,
CYP,BTSX,6,3.09,
HND,MLE,2,3.09,
HUN,FMLE,2,3.09,
PRY,FMLE,3,3.09,
SYR,BTSX,6,3.09,
LBN,BTSX,4,3.1,
KHM,FMLE,3,3.11,
CRI,FMLE,2,3.11,
IRQ,FMLE,3,3.11,
IRQ,FMLE,5,3.11,
MLT,FMLE,2,3.11,
VNM,FMLE,1,3.11,
EGY,FMLE,1,3.12,
IDN,BTSX,4,3.12,
KHM,FMLE,1,3.13,
CHN,FMLE,2,3.13,
DEU,FMLE,2,3.13,
IRQ,FMLE,6,3.13,
PRY,FMLE,2,3.14,
QAT,FMLE,6,3.14,
MDV,BTSX,5,3.15,
SLB,FMLE,4,3.15,
KHM,FMLE,2,3.16,
MUS,FMLE,4,3.16,
NGA,BTSX,2,3.16,
TUR,BTSX,4,3.16,
ECU,FMLE,7,3.18,
TUR,BTSX,3,3.18,
JAM,FMLE,8,3.19,
MDV,BTSX,1,3.19,
NER,FMLE,3,3.19,
TON,FMLE,2,3.19,
DNK,FMLE,2,3.2,
COM,FMLE,2,3.21,
IRN,FMLE,7,3.21,
ARG,FMLE,7,3.22,
COL,FMLE,1,3.22,
ISR,BTSX,1,3.22,
SOM,FMLE,2,3.22,
ARM,BTSX,3,3.23,
TCD,FMLE,3,3.23,
GNQ,FMLE,1,3.23,
LBY,FMLE,5,3.23,
PER,BTSX,1,3.23,
STP,BTSX,4,3.23,
SYR,FMLE,8,3.23,
TJK,FMLE,4,3.23,
TUN,FMLE,7,3.23,
CRI,FMLE,4,3.24,
LBR,FMLE,3,3.24,
NER,BTSX,1,3.24,
VNM,FMLE,2,3.24,
DZA,MLE,5,3.25,
OMN,BTSX,4,3.25,
TUN,BTSX,4,3.25,
AFG,FMLE,1,3.26,
GRC,BTSX,2,3.27,
LBY,FMLE,7,3.27,
TZA,BTSX,1,3.27,
ECU,FMLE,6,3.28,
MMR,FMLE,7,3.28,
PER,BTSX,4,3.28,
UZB,FMLE,4,3.28,
CIV,FMLE,3,3.29,
MLI,FMLE,3,3.29,
PAN,BTSX,1,3.29,
BEN,FMLE,2,3.3,
OMN,BTSX,5,3.3,
TUR,MLE,1,3.3,
UKR,FMLE,1,3.3,
BEL,FMLE,1,3.31,
GMB,FMLE,3,3.31,
MMR,BTSX,4,3.31,
PAN,BTSX,4,3.31,
DZA,BTSX,1,3.32,
KWT,MLE,1,3.32,
GRC,MLE,1,3.33,
NZL,FMLE,8,3.33,
LBN,BTSX,3,3.34,
MLT,BTSX,6,3.34,
PER,FMLE,8,3.34,
BHS,BTSX,1,3.35,
GHA,BTSX,1,3.35,
PAN,BTSX,2,3.35,
LCA,FMLE,8,3.36,
THA,FMLE,4,3.36,
UGA,BTSX,1,3.36,
GMB,BTSX,1,3.37,
GEO,FMLE,4,3.37,
JAM,BTSX,5,3.37,
PRT,FMLE,3,3.38,
STP,FMLE,6,3.38,
SEN,FMLE,3,3.38,
SYC,FMLE,7,3.38,
BRB,BTSX,7,3.39,
DJI,BTSX,1,3.39,
JAM,BTSX,3,3.39,
MMR,BTSX,1,3.39,
SSD,BTSX,2,3.39,
MUS,FMLE,2,3.4,
MKD,FMLE,2,3.4,
BGR,FMLE,3,3.41,
STP,MLE,2,3.42,
COG,BTSX,1,3.43,
MDG,BTSX,1,3.43,
PER,BTSX,5,3.43,
BLZ,FMLE,7,3.44,
KWT,BTSX,2,3.44,
MDV,MLE,4,3.44,
SYR,BTSX,7,3.44,
DZA,MLE,4,3.45,
COM,FMLE,1,3.45,
FRA,FMLE,2,3.45,
TUR,BTSX,6,3.45,
COD,BTSX,1,3.46,
KEN,FMLE,2,3.46,
VCT,MLE,3,3.46,
ECU,FMLE,8,3.47,
MEX,FMLE,8,3.47,
TKM,FMLE,5,3.49,
EGY,FMLE,7,3.5,
KGZ,FMLE,4,3.5,
SAU,FMLE,8,3.5,
TUN,BTSX,1,3.51,
GNB,FMLE,2,3.52,
ALB,BTSX,6,3.53,
THA,FMLE,5,3.53,
JAM,BTSX,4,3.54,
CHL,FMLE,1,3.55,
SDN,FMLE,4,3.55,
GBR,FMLE,6,3.55,
BLZ,FMLE,6,3.56,
CZE,FMLE,1,3.56,
RWA,BTSX,1,3.56,
STP,MLE,3,3.56,
TTO,FMLE,7,3.56,
AZE,FMLE,6,3.57,
QAT,MLE,5,3.57,
ARG,FMLE,3,3.58,
TUR,FMLE,8,3.58,
TJK,FMLE,3,3.59,
LBN,BTSX,1,3.6,
PER,BTSX,3,3.6,
SYR,MLE,1,3.6,
SEN,BTSX,1,3.61,
SSD,MLE,1,3.61,
TGO,FMLE,2,3.62,
UZB,FMLE,6,3.62,
MRT,BTSX,3,3.63,
NPL,FMLE,3,3.64,
MLT,BTSX,1,3.65,
PNG,FMLE,7,3.65,
HND,FMLE,7,3.66,
LAO,FMLE,4,3.67,
BGR,BTSX,1,3.68,
SDN,FMLE,6,3.68,
SLV,FMLE,8,3.69,
LUX,FMLE,2,3.69,
MDA,FMLE,3,3.69,
TON,FMLE,1,3.69,
DZA,MLE,6,3.7,
AGO,BTSX,1,3.7,
BIH,FMLE,1,3.7,
CHL,FMLE,5,3.7,
IDN,BTSX,5,3.7,
SAU,FMLE,3,3.7,
ESP,MLE,1,3.7,
ARE,FMLE,5,3.7,
ATG,BTSX,5,3.71,
MLI,MLE,1,3.72,
MKD,MLE,1,3.72,
ALB,MLE,2,3.73,
SLE,BTSX,1,3.73,
TUN,BTSX,5,3.73,
LBN,BTSX,5,3.74,
MMR,BTSX,3,3.74,
GBR,FMLE,7,3.74,
VEN,BTSX,6,3.74,
ARG,FMLE,8,3.75,
BRA,FMLE,3,3.75,
BFA,FMLE,2,3.75,
LBY,FMLE,6,3.75,
NIC,FMLE,1,3.75,
JAM,BTSX,6,3.76,
MDV,BTSX,2,3.76,
KWT,BTSX,5,3.78,
TJK,FMLE,5,3.78,
ARG,FMLE,5,3.79,
TCD,BTSX,1,3.79,
BDI,FMLE,3,3.82,
DOM,FMLE,6,3.82,
EGY,FMLE,6,3.82,
ARE,FMLE,2,3.82,
VEN,MLE,4,3.82,
CZE,FMLE,2,3.83,
SLV,FMLE,1,3.83,
HUN,FMLE,1,3.83,
JOR,MLE,2,3.83,
BWA,FMLE,1,3.85,
DOM,BTSX,1,3.85,
PRY,FMLE,4,3.85,
TLS,FMLE,5,3.85,
BLZ,FMLE,8,3.86,
COL,BTSX,3,3.86,
PRY,FMLE,8,3.86,
HND,MLE,3,3.87,
ITA,FMLE,5,3.88,
KWT,BTSX,6,3.88,
MWI,FMLE,4,3.88,
SAU,BTSX,1,3.88,
DZA,BTSX,3,3.89,
ARG,FMLE,4,3.9,
CRI,BTSX,8,3.9,
KGZ,FMLE,5,3.9,
MDG,FMLE,3,3.9,
CHE,FMLE,2,3.91,
SDN,FMLE,7,3.93,
SWZ,FMLE,2,3.94,
NPL,FMLE,5,3.94,
GTM,FMLE,8,3.95,
ITA,BTSX,2,3.95,
JOR,BTSX,6,3.95,
LAO,FMLE,3,3.95,
LBN,BTSX,2,3.95,
UGA,FMLE,4,3.95,
EST,FMLE,2,3.96,
MEX,FMLE,1,3.96,
BRN,MLE,4,3.97,
KHM,FMLE,4,3.97,
COL,BTSX,4,3.97,
DNK,BTSX,1,3.97,
NZL,FMLE,6,3.97,
PER,MLE,1,3.97,
POL,FMLE,6,3.97,
LBY,FMLE,2,3.98,
PNG,FMLE,5,3.98,
PER,BTSX,6,3.98,
FJI,FMLE,4,3.99,
KWT,BTSX,4,3.99,
ESP,FMLE,3,3.99,
BDI,BTSX,5,30.02,
MNG,BTSX,3,30.02,
GNQ,BTSX,5,30.07,
GHA,MLE,4,30.07,
LCA,BTSX,8,30.1,
BHR,BTSX,8,30.11,
GMB,MLE,5,30.15,
MDG,MLE,5,30.15,
MLT,MLE,8,30.18,
BEL,MLE,3,30.24,
BLR,BTSX,5,30.26,
FIN,MLE,7,30.26,
SLE,FMLE,6,30.26,
COG,BTSX,5,30.27,
CHE,MLE,5,30.29,
UKR,BTSX,4,30.32,
SRB,FMLE,8,30.34,
TCD,FMLE,6,30.4,
SLB,MLE,4,30.4,
MNG,MLE,1,30.46,
CAF,FMLE,7,30.48,
STP,MLE,8,30.49,
ETH,MLE,5,30.51,
ESP,MLE,8,30.53,
VNM,MLE,8,30.58,
HUN,MLE,4,30.59,
UKR,BTSX,7,30.59,
BWA,BTSX,3,30.61,
UKR,BTSX,3,30.61,
BLZ,MLE,7,30.62,
CHN,FMLE,7,30.63,
JPN,MLE,7,30.66,
CHL,MLE,7,30.72,
AUT,MLE,6,30.75,
BLR,BTSX,6,30.86,
LTU,BTSX,4,30.88,
CHE,MLE,6,30.96,
COD,MLE,8,308.7,
TCD,MLE,8,308.8,
SLB,BTSX,2,31.02,
VUT,MLE,5,31.02,
ARG,MLE,7,31.04,
FRA,MLE,4,31.05,
NPL,MLE,6,31.06,
YEM,MLE,8,31.12,
RWA,FMLE,7,31.22,
BLR,BTSX,4,31.28,
GNB,BTSX,5,31.28,
KAZ,BTSX,3,31.28,
GAB,BTSX,5,31.29,
NAM,MLE,3,31.36,
TCD,BTSX,5,31.38,
VUT,BTSX,1,31.4,
ERI,FMLE,6,31.45,
RUS,FMLE,8,31.45,
TGO,FMLE,7,31.53,
TZA,BTSX,6,31.53,
TCD,MLE,4,31.54,
FRA,MLE,5,31.54,
TON,MLE,8,31.55,
ISL,MLE,5,31.63,
MOZ,MLE,2,31.73,
BEN,FMLE,7,31.77,
TKM,MLE,8,31.78,
COD,MLE,4,31.82,
USA,MLE,5,31.82,
DNK,BTSX,8,31.83,
RWA,MLE,5,31.83,
PRT,BTSX,8,31.84,
BEN,MLE,4,31.93,
CZE,MLE,6,31.97,
MLI,FMLE,7,31.97,
LTU,BTSX,8,32.03,
MKD,MLE,6,32.05,
MDA,MLE,6,32.09,
AGO,BTSX,5,32.1,
PRK,MLE,6,32.15,
SGP,BTSX,8,32.18,
SEN,FMLE,7,32.19,
BEL,MLE,6,32.21,
POL,MLE,5,32.22,
THA,MLE,8,32.27,
SLE,MLE,5,32.28,
ZWE,FMLE,6,32.34,
CHE,BTSX,7,32.36,
SVK,MLE,4,32.38,
LKA,BTSX,6,32.42,
BDI,FMLE,7,32.5,
BIH,MLE,6,32.53,
HRV,MLE,4,32.54,
HTI,MLE,6,32.6,
VNM,MLE,6,32.61,
SLB,MLE,7,32.67,
BRA,MLE,8,32.74,
COD,BTSX,5,32.74,
DJI,MLE,5,32.77,
MDA,MLE,7,32.79,
FIN,MLE,2,32.86,
KHM,MLE,8,32.88,
GUY,MLE,8,329.7,
AUT,BTSX,7,33.0,
DJI,FMLE,7,33.05,
SWZ,MLE,1,33.07,
EST,BTSX,8,33.09,
BTN,MLE,7,33.12,
RWA,BTSX,6,33.23,
DOM,MLE,8,33.31,
URY,MLE,1,33.37,
MDG,BTSX,6,33.38,
NAM,FMLE,8,33.43,
VUT,BTSX,2,33.43,
BEL,BTSX,8,33.51,
MNG,BTSX,2,33.54,
ARM,MLE,7,33.56,
TGO,BTSX,5,33.56,
SGP,MLE,7,33.64,
ZAF,MLE,7,33.66,
ZAF,FMLE,8,33.78,
TLS,BTSX,8,33.81,
BFA,FMLE,7,33.92,
SVK,MLE,5,33.96,
MNE,BTSX,5,33.98,
NGA,MLE,8,330.9,
TZA,MLE,8,336.7,
LSO,BTSX,1,34.04,
VUT,MLE,6,34.05,
MKD,FMLE,8,34.07,
RUS,BTSX,7,34.08,
SVK,MLE,6,34.17,
AGO,MLE,4,34.24,
IDN,MLE,8,34.26,
AUT,BTSX,8,34.32,
BFA,BTSX,5,34.37,
GUY,FMLE,1,34.38,
LBR,MLE,6,34.38,
KOR,BTSX,4,34.4,
RUS,BTSX,4,34.43,
LBR,FMLE,7,34.47,
COM,MLE,6,34.52,
WSM,MLE,1,34.58,
ZWE,MLE,3,34.58,
NER,FMLE,7,34.6,
KOR,FMLE,7,34.62,
SVN,BTSX,6,34.69,
KAZ,MLE,2,34.7,
ZAF,BTSX,4,34.71,
GNB,FMLE,7,34.75,
MOZ,FMLE,7,34.75,
ETH,FMLE,7,34.76,
BOL,MLE,8,34.79,
PHL,MLE,8,34.81,
NPL,MLE,5,34.98,
AGO,MLE,8,341.3,
KEN,MLE,8,345.3,
FIN,MLE,8,35.04,
DNK,MLE,7,35.12,
HUN,BTSX,7,35.21,
WSM,MLE,2,35.23,
ZMB,BTSX,5,35.29,
CAF,MLE,3,35.32,
IND,MLE,7,35.41,
KWT,MLE,8,35.41,
BGR,BTSX,8,35.43,
NPL,MLE,7,35.43,
LTU,BTSX,5,35.57,
SRB,BTSX,7,35.61,
LTU,BTSX,7,35.64,
VNM,MLE,7,35.64,
ITA,MLE,8,35.68,
SOM,FMLE,7,35.68,
CHE,BTSX,8,35.77,
KEN,BTSX,6,35.81,
SVN,BTSX,8,35.81,
MRT,BTSX,7,35.85,
CMR,FMLE,7,35.87,
SYC,MLE,7,35.9,
SLE,FMLE,7,35.96,
LSO,MLE,4,354.4,
GHA,MLE,8,356.2,
MLI,MLE,6,36.04,
CIV,BTSX,5,36.11,
SUR,FMLE,8,36.12,
BLR,BTSX,7,36.15,
BEL,MLE,4,36.17,
POL,MLE,8,36.47,
SVN,MLE,4,36.49,
LVA,MLE,2,36.57,
CMR,BTSX,5,36.66,
HTI,BTSX,8,36.66,
GMB,FMLE,7,36.68,
GIN,FMLE,7,36.7,
MYS,BTSX,8,36.71,
GEO,BTSX,8,36.75,
FSM,MLE,5,36.98,
SLB,BTSX,8,36.99,
GNQ,MLE,8,365.7,
KOR,BTSX,5,37.1,
FSM,MLE,4,37.13,
USA,MLE,7,37.13,
TJK,MLE,8,37.23,
LUX,MLE,7,37.25,
NPL,BTSX,8,37.38,
BEL,MLE,5,37.42,
CUB,MLE,5,37.43,
USA,MLE,2,37.45,
BFA,MLE,4,37.55,
ZAF,MLE,5,37.62,
BGD,MLE,8,37.65,
URY,MLE,3,37.8,
DJI,BTSX,6,37.83,
DEU,BTSX,8,37.88,
SOM,BTSX,5,37.97,
FSM,FMLE,8,37.99,
NAM,BTSX,7,38.01,
SVN,BTSX,7,38.03,
CPV,BTSX,5,38.08,
KOR,BTSX,6,38.18,
URY,MLE,4,38.24,
HRV,BTSX,7,38.28,
MOZ,BTSX,4,38.34,
AZE,MLE,8,38.35,
CHN,BTSX,7,38.43,
KAZ,BTSX,7,38.43,
LTU,BTSX,6,38.45,
BWA,BTSX,5,38.47,
MNE,BTSX,6,38.49,
ETH,BTSX,6,38.6,
CIV,MLE,4,38.66,
TCD,FMLE,7,38.77,
LKA,BTSX,7,38.87,
OMN,MLE,8,38.88,
KOR,MLE,3,38.88,
FSM,MLE,6,38.94,
URY,BTSX,8,38.94,
TGO,MLE,8,386.6,
SWZ,MLE,8,389.6,
BTN,BTSX,8,39.05,
EST,MLE,7,39.07,
IND,FMLE,8,39.15,
HTI,MLE,7,39.37,
HRV,MLE,5,39.68,
GIN,MLE,5,39.69,
VUT,MLE,7,39.7,
LSO,FMLE,6,39.71,
JPN,MLE,8,39.79,
KEN,MLE,5,39.84,
HUN,MLE,6,39.86,
SLE,BTSX,6,39.86,
NER,BTSX,6,39.88,
URY,BTSX,7,39.91,
SWZ,BTSX,2,39.92,
ERI,FMLE,7,39.95,
SEN,MLE,8,393.3,
UGA,MLE,8,393.7,
CMR,MLE,8,398.0,
AZE,BTSX,1,4.0,
LBR,MLE,1,4.0,
PRK,FMLE,1,4.01,
ITA,FMLE,4,4.01,
BIH,FMLE,3,4.02,
SDN,FMLE,1,4.02,
GBR,FMLE,2,4.02,
DZA,MLE,1,4.03,
CAF,FMLE,2,4.03,
IDN,MLE,1,4.03,
ISR,FMLE,8,4.03,
LAO,FMLE,5,4.03,
MYS,BTSX,1,4.03,
MMR,BTSX,2,4.03,
PNG,BTSX,2,4.03,
STP,FMLE,7,4.03,
CYP,BTSX,1,4.04,
EGY,BTSX,1,4.04,
GHA,FMLE,5,4.04,
MLI,BTSX,2,4.04,
GBR,FMLE,8,4.04,
IRQ,BTSX,1,4.05,
JOR,FMLE,7,4.05,
LBY,BTSX,1,4.05,
ARG,FMLE,2,4.06,
CHN,FMLE,3,4.06,
MMR,BTSX,5,4.06,
COG,FMLE,3,4.07,
SSD,FMLE,4,4.07,
BTN,MLE,1,4.08,
CPV,FMLE,3,4.08,
COM,BTSX,1,4.08,
DEU,FMLE,3,4.08,
EST,FMLE,4,4.09,
HND,BTSX,4,4.09,
PER,BTSX,2,4.1,
DZA,BTSX,2,4.11,
FRA,BTSX,1,4.11,
LBY,FMLE,4,4.11,
BOL,FMLE,3,4.12,
CUB,FMLE,3,4.14,
BHS,BTSX,4,4.16,
CHL,FMLE,2,4.16,
CYP,MLE,2,4.16,
MWI,BTSX,1,4.16,
NIC,FMLE,7,4.16,
PNG,FMLE,6,4.16,
ISR,FMLE,6,4.17,
JOR,MLE,3,4.17,
NZL,FMLE,7,4.17,
KWT,BTSX,3,4.18,
BHS,BTSX,5,4.19,
PNG,MLE,1,4.19,
MDV,MLE,1,4.2,
NLD,FMLE,1,4.2,
POL,FMLE,7,4.2,
SRB,MLE,1,4.2,
IRQ,FMLE,7,4.21,
COL,BTSX,5,4.22,
ETH,MLE,1,4.22,
MUS,FMLE,6,4.22,
PRT,MLE,1,4.22,
IRQ,FMLE,4,4.23,
CZE,FMLE,3,4.24,
GEO,FMLE,5,4.24,
BRA,FMLE,5,4.25,
OMN,MLE,4,4.25,
BGD,BTSX,3,4.26,
BEN,FMLE,3,4.26,
BTN,BTSX,2,4.26,
CHN,BTSX,1,4.26,
ETH,BTSX,2,4.26,
OMN,MLE,5,4.26,
EGY,BTSX,2,4.27,
EGY,BTSX,4,4.27,
ITA,MLE,1,4.27,
SLB,FMLE,7,4.27,
BGD,BTSX,1,4.28,
LTU,FMLE,1,4.29,
PAK,FMLE,5,4.3,
GAB,BTSX,1,4.31,
JOR,MLE,4,4.31,
MRT,FMLE,4,4.31,
TTO,FMLE,3,4.31,
TUR,BTSX,7,4.31,
COM,FMLE,3,4.32,
IRL,FMLE,6,4.32,
EGY,BTSX,3,4.33,
NGA,BTSX,3,4.33,
TON,BTSX,4,4.33,
GAB,FMLE,4,4.34,
VEN,MLE,3,4.34,
DZA,BTSX,7,4.35,
PHL,MLE,3,4.35,
ROU,FMLE,4,4.36,
BRA,FMLE,4,4.37,
SVN,FMLE,2,4.38,
VEN,MLE,1,4.38,
NIC,BTSX,3,4.39,
STP,BTSX,5,4.39,
FJI,FMLE,3,4.4,
SLE,MLE,1,4.4,
TUR,MLE,2,4.4,
BGD,BTSX,2,4.41,
BFA,FMLE,3,4.41,
IRN,FMLE,2,4.41,
LUX,FMLE,1,4.41,
PHL,MLE,4,4.41,
POL,FMLE,8,4.41,
BDI,BTSX,1,4.42,
LBN,BTSX,6,4.42,
POL,FMLE,4,4.44,
TZA,FMLE,4,4.44,
MNG,FMLE,7,4.45,
TUN,BTSX,3,4.45,
NER,MLE,1,4.46,
PAN,MLE,1,4.46,
DNK,FMLE,3,4.47,
UKR,FMLE,2,4.47,
ARM,BTSX,4,4.48,
LAO,FMLE,2,4.48,
YEM,FMLE,7,4.48,
BRA,FMLE,6,4.49,
BGR,FMLE,5,4.49,
LBN,MLE,4,4.49,
LBR,BTSX,2,4.49,
NGA,FMLE,4,4.49,
MKD,FMLE,4,4.49,
CHL,FMLE,3,4.5,
NER,BTSX,2,4.5,
TLS,BTSX,3,4.5,
EST,FMLE,3,4.51,
STP,MLE,4,4.52,
CMR,FMLE,2,4.53,
ECU,FMLE,2,4.53,
MNG,FMLE,5,4.54,
SLB,FMLE,6,4.54,
GNQ,BTSX,1,4.55,
HND,BTSX,5,4.55,
IDN,MLE,3,4.55,
JAM,MLE,2,4.55,
JOR,MLE,5,4.55,
LBN,MLE,3,4.55,
UGA,BTSX,2,4.56,
ALB,MLE,1,4.57,
CHL,FMLE,4,4.57,
GRC,BTSX,3,4.57,
OMN,BTSX,3,4.57,
BWA,FMLE,2,4.58,
PHL,MLE,2,4.58,
VEN,MLE,2,4.58,
CIV,BTSX,1,4.59,
SWZ,FMLE,1,4.6,
MNG,FMLE,6,4.6,
VEN,MLE,5,4.6,
YEM,FMLE,5,4.6,
BTN,FMLE,4,4.61,
SLV,BTSX,5,4.61,
UZB,FMLE,3,4.61,
COL,BTSX,2,4.62,
SYC,FMLE,8,4.62,
MRT,MLE,2,4.63,
GMB,BTSX,2,4.64,
PER,BTSX,7,4.64,
SLB,FMLE,8,4.64,
CAN,FMLE,6,4.65,
NIC,BTSX,2,4.65,
QAT,BTSX,6,4.65,
SVK,FMLE,6,4.65,
VNM,FMLE,4,4.65,
YEM,FMLE,6,4.65,
ZMB,BTSX,1,4.65,
DJI,MLE,1,4.66,
ROU,BTSX,1,4.66,
ALB,BTSX,1,4.67,
COM,MLE,1,4.69,
MDV,MLE,2,4.69,
GRC,MLE,2,4.7,
GIN,BTSX,1,4.7,
PNG,BTSX,4,4.7,
AFG,BTSX,1,4.71,
ALB,BTSX,5,4.71,
TJK,FMLE,1,4.71,
MYS,FMLE,5,4.72,
KGZ,FMLE,3,4.73,
SRB,FMLE,3,4.73,
TUN,BTSX,6,4.73,
MUS,BTSX,5,4.74,
ESP,FMLE,8,4.74,
SYR,MLE,4,4.74,
CZE,FMLE,8,4.75,
ROU,FMLE,5,4.75,
TUN,MLE,1,4.75,
DZA,MLE,3,4.76,
CUB,BTSX,1,4.76,
MDG,BTSX,2,4.76,
SLB,FMLE,5,4.76,
BHS,BTSX,6,4.78,
LBN,MLE,1,4.78,
SVK,FMLE,7,4.78,
ALB,FMLE,1,4.79,
BOL,FMLE,2,4.8,
IDN,MLE,2,4.8,
KWT,BTSX,7,4.8,
PAK,FMLE,6,4.8,
PAN,BTSX,6,4.8,
SSD,BTSX,3,4.8,
TJK,FMLE,2,4.8,
TUN,MLE,4,4.8,
ISR,MLE,1,4.81,
KEN,MLE,1,4.81,
NPL,FMLE,4,4.81,
PHL,BTSX,6,4.81,
ROU,FMLE,6,4.81,
SYR,MLE,3,4.81,
POL,FMLE,5,4.82,
TZA,BTSX,2,4.82,
IRL,FMLE,3,4.83,
SDN,FMLE,3,4.83,
USA,FMLE,8,4.83,
ZMB,FMLE,3,4.83,
LCA,BTSX,1,4.84,
SYR,MLE,2,4.84,
ARM,BTSX,5,4.85,
CYP,MLE,6,4.85,
IDN,MLE,4,4.85,
ITA,FMLE,6,4.86,
KWT,MLE,2,4.87,
ESP,BTSX,2,4.87,
CMR,BTSX,1,4.88,
CYP,BTSX,3,4.88,
ALB,BTSX,3,4.89,
AZE,BTSX,2,4.89,
GNB,BTSX,1,4.89,
LBN,FMLE,8,4.9,
BTN,BTSX,3,4.91,
EGY,MLE,1,4.91,
IRN,BTSX,6,4.91,
BGD,BTSX,5,4.92,
CRI,BTSX,7,4.92,
MDG,MLE,1,4.92,
BGR,FMLE,4,4.93,
MDA,FMLE,4,4.93,
CRI,BTSX,6,4.94,
GBR,BTSX,1,4.94,
BHS,BTSX,3,4.95,
LUX,FMLE,8,4.95,
MLT,FMLE,3,4.95,
TON,BTSX,3,4.95,
PHL,MLE,5,4.96,
GEO,FMLE,6,4.97,
TLS,BTSX,2,4.98,
SYR,MLE,5,4.99,
MLI,BTSX,7,40.03,
LCA,MLE,7,40.03,
HRV,MLE,6,40.14,
GMB,BTSX,6,40.15,
WSM,BTSX,8,40.15,
CHL,MLE,8,40.26,
LSO,FMLE,5,40.34,
SOM,MLE,4,40.35,
TGO,MLE,4,40.46,
BWA,BTSX,6,40.49,
FSM,MLE,7,40.56,
RUS,BTSX,3,40.67,
GHA,BTSX,6,40.74,
SUR,MLE,3,40.74,
FSM,BTSX,3,40.78,
LKA,MLE,5,40.83,
ZMB,MLE,8,403.0,
COG,MLE,8,405.1,
MNG,MLE,4,41.1,
CPV,BTSX,6,41.2,
COM,BTSX,7,41.32,
PRK,MLE,7,41.36,
MNE,MLE,4,41.38,
ROU,MLE,8,41.54,
CZE,MLE,7,41.56,
SEN,MLE,5,41.67,
NGA,MLE,6,41.78,
GIN,BTSX,6,41.86,
LBR,BTSX,7,41.86,
SSD,MLE,6,41.94,
GAB,MLE,8,416.0,
MWI,MLE,8,419.8,
GEO,MLE,7,42.03,
KAZ,MLE,5,42.24,
UKR,MLE,2,42.3,
BDI,BTSX,6,42.37,
URY,MLE,2,42.44,
CMR,MLE,4,42.5,
ERI,BTSX,5,42.5,
UGA,BTSX,6,42.54,
CUB,BTSX,7,42.57,
BLZ,MLE,8,42.59,
BEN,BTSX,6,42.61,
MKD,MLE,7,42.83,
PAK,MLE,8,42.89,
LVA,MLE,6,42.95,
MWI,BTSX,6,42.95,
BEL,MLE,7,42.98,
MDA,MLE,8,42.98,
LVA,MLE,3,43.01,
KIR,MLE,5,43.07,
BWA,FMLE,8,43.15,
COG,MLE,5,43.18,
BWA,BTSX,4,43.33,
LKA,BTSX,8,43.44,
SVN,MLE,5,43.45,
BLR,MLE,3,43.47,
SWE,MLE,8,43.55,
KIR,MLE,6,43.62,
MOZ,MLE,3,43.63,
BHR,MLE,8,43.69,
CPV,FMLE,8,43.71,
GNQ,MLE,5,43.72,
TCD,MLE,5,43.78,
BEN,MLE,5,43.8,
CUB,MLE,6,43.94,
LAO,MLE,8,44.02,
DEU,MLE,7,44.05,
KIR,BTSX,3,44.11,
LTU,MLE,2,44.19,
BGR,MLE,7,44.21,
COG,BTSX,6,44.33,
SLB,MLE,1,44.4,
BDI,MLE,5,44.65,
SVK,MLE,7,44.69,
KIR,MLE,4,44.8,
USA,MLE,8,44.99,
BFA,MLE,8,444.7,
ERI,MLE,4,45.12,
MDV,MLE,8,45.12,
ZMB,BTSX,6,45.14,
SEN,BTSX,6,45.19,
ARG,MLE,8,45.21,
EST,MLE,5,45.22,
MDA,MLE,4,45.25,
FSM,BTSX,1,45.32,
GHA,MLE,5,45.33,
FRA,MLE,7,45.38,
GNB,BTSX,6,45.58,
MNE,FMLE,8,45.78,
SUR,MLE,4,45.81,
UGA,MLE,5,45.84,
RUS,MLE,2,45.86,
PRK,FMLE,8,45.94,
ZWE,MLE,8,450.8,
URY,MLE,5,46.07,
BIH,MLE,7,46.1,
SUR,BTSX,2,46.16,
SWZ,FMLE,8,46.25,
MYS,MLE,8,46.34,
ZMB,MLE,4,46.77,
SSD,BTSX,7,46.81,
IRQ,MLE,8,46.85,
VUT,MLE,1,46.96,
GNQ,BTSX,6,47.07,
HUN,MLE,5,47.22,
SUR,BTSX,6,47.26,
ZAF,BTSX,2,47.27,
AGO,BTSX,6,47.41,
RWA,FMLE,8,47.58,
HUN,BTSX,8,47.76,
KAZ,MLE,6,47.77,
MWI,MLE,5,47.8,
ZAF,BTSX,3,47.86,
VUT,MLE,3,47.94,
EST,MLE,6,47.95,
CHN,MLE,7,47.98,
GUY,BTSX,5,47.99,
KAZ,MLE,4,48.02,
KOR,FMLE,8,48.04,
GUY,BTSX,7,48.1,
CPV,MLE,4,48.12,
COD,BTSX,6,48.19,
PRT,MLE,7,48.23,
UKR,MLE,5,48.23,
LSO,FMLE,2,48.32,
ZWE,BTSX,4,48.36,
MDG,BTSX,7,48.38,
GNB,MLE,5,48.65,
LSO,MLE,1,48.8,
KIR,MLE,7,49.09,
BWA,BTSX,7,49.31,
MDG,MLE,6,49.41,
MOZ,BTSX,5,49.43,
LUX,MLE,8,49.58,
NGA,BTSX,7,49.62,
TJK,BTSX,1,5.0,
TUN,BTSX,2,5.0,
DOM,FMLE,7,5.01,
PRY,FMLE,6,5.01,
BLR,FMLE,2,5.03,
PAN,MLE,3,5.03,
SOM,FMLE,3,5.03,
BFA,BTSX,1,5.04,
TUR,MLE,5,5.05,
IRN,BTSX,5,5.06,
LBY,FMLE,3,5.06,
CYP,BTSX,7,5.08,
TON,FMLE,5,5.08,
MDV,MLE,5,5.09,
NIC,BTSX,4,5.09,
ERI,BTSX,1,5.1,
BGD,FMLE,8,5.11,
HND,FMLE,8,5.11,
MUS,FMLE,1,5.11,
RWA,MLE,1,5.11,
BHR,FMLE,2,5.12,
BGR,MLE,1,5.12,
LBY,MLE,1,5.12,
TZA,MLE,1,5.13,
LAO,FMLE,1,5.14,
MEX,BTSX,5,5.14,
CAN,FMLE,8,5.15,
GIN,FMLE,2,5.15,
JAM,BTSX,7,5.15,
QAT,MLE,6,5.15,
BHS,MLE,1,5.16,
MLT,MLE,1,5.16,
MAR,FMLE,7,5.16,
BRN,BTSX,3,5.17,
GRD,BTSX,6,5.17,
RWA,BTSX,2,5.17,
SLE,FMLE,2,5.17,
SYR,MLE,6,5.17,
BOL,FMLE,4,5.18,
PER,MLE,4,5.19,
BRA,FMLE,7,5.2,
BIH,FMLE,4,5.21,
LAO,FMLE,6,5.22,
LBN,BTSX,7,5.22,
DZA,MLE,2,5.23,
GHA,BTSX,2,5.24,
SSD,MLE,2,5.24,
ALB,MLE,6,5.25,
AZE,BTSX,4,5.25,
BGD,BTSX,4,5.25,
DNK,MLE,1,5.25,
LUX,BTSX,1,5.25,
OMN,BTSX,6,5.27,
TUR,MLE,3,5.27,
KWT,MLE,5,5.28,
KGZ,FMLE,6,5.28,
IRN,BTSX,4,5.29,
IRL,FMLE,5,5.29,
ESP,FMLE,4,5.29,
TJK,MLE,1,5.29,
IRL,BTSX,7,5.3,
PRY,FMLE,1,5.3,
QAT,BTSX,4,5.3,
LKA,FMLE,4,5.3,
SDN,BTSX,1,5.3,
TGO,BTSX,1,5.31,
BHR,BTSX,6,5.32,
LBN,MLE,5,5.32,
NGA,MLE,2,5.33,
LBY,BTSX,5,5.34,
LKA,FMLE,5,5.34,
TLS,BTSX,4,5.34,
SOM,BTSX,1,5.35,
TLS,BTSX,1,5.35,
BLZ,BTSX,1,5.36,
IDN,BTSX,6,5.36,
MRT,MLE,3,5.36,
GBR,FMLE,3,5.36,
VNM,BTSX,1,5.36,
GMB,MLE,1,5.37,
SDN,FMLE,2,5.37,
ARM,FMLE,8,5.38,
KEN,BTSX,2,5.38,
TTO,FMLE,2,5.39,
TUR,MLE,4,5.39,
IRQ,BTSX,2,5.4,
BHR,BTSX,5,5.41,
AZE,BTSX,3,5.42,
COD,BTSX,2,5.42,
COG,MLE,1,5.43,
MAR,FMLE,1,5.43,
BEN,BTSX,1,5.45,
BIH,FMLE,5,5.45,
MUS,BTSX,7,5.45,
THA,FMLE,6,5.45,
IRN,FMLE,1,5.46,
MMR,BTSX,6,5.46,
MLT,BTSX,7,5.47,
PHL,FMLE,7,5.47,
SGP,FMLE,4,5.49,
UZB,FMLE,2,5.49,
GBR,FMLE,5,5.5,
MAR,FMLE,5,5.51,
PAN,MLE,2,5.51,
IRQ,MLE,1,5.52,
TON,BTSX,2,5.52,
TKM,FMLE,1,5.53,
LBN,MLE,2,5.54,
KHM,BTSX,1,5.55,
EGY,BTSX,5,5.55,
KWT,MLE,6,5.55,
LBY,BTSX,6,5.55,
TON,FMLE,6,5.55,
UGA,MLE,1,5.55,
MAR,FMLE,6,5.56,
PRK,FMLE,2,5.57,
BHS,BTSX,2,5.58,
BGD,MLE,1,5.58,
CHN,MLE,1,5.58,
COD,MLE,1,5.58,
CYP,BTSX,5,5.59,
SAU,BTSX,7,5.59,
TGO,FMLE,3,5.59,
TCD,BTSX,2,5.6,
CZE,FMLE,7,5.6,
BOL,FMLE,5,5.61,
EGY,BTSX,7,5.61,
JOR,BTSX,7,5.61,
GNQ,MLE,1,5.62,
TUR,MLE,6,5.62,
CHN,FMLE,4,5.63,
FRA,FMLE,3,5.63,
LBY,BTSX,7,5.63,
MMR,MLE,1,5.63,
MMR,MLE,4,5.63,
PER,MLE,5,5.63,
DOM,MLE,1,5.64,
LBY,FMLE,8,5.65,
MWI,BTSX,2,5.65,
NPL,FMLE,6,5.65,
PAN,BTSX,5,5.65,
MLT,MLE,6,5.66,
TTO,FMLE,8,5.66,
JAM,MLE,3,5.67,
MEX,BTSX,6,5.67,
SVK,BTSX,1,5.67,
ARE,BTSX,1,5.67,
COL,BTSX,1,5.68,
EGY,MLE,2,5.69,
UZB,FMLE,7,5.69,
AZE,BTSX,5,5.7,
EGY,BTSX,6,5.7,
SDN,BTSX,5,5.7,
AUS,FMLE,1,5.71,
KHM,FMLE,5,5.71,
SEN,BTSX,2,5.72,
SDN,BTSX,4,5.72,
MLI,MLE,2,5.73,
SYR,MLE,7,5.73,
TUN,MLE,5,5.73,
GHA,MLE,1,5.74,
JOR,MLE,6,5.74,
CHN,BTSX,2,5.75,
IRL,FMLE,2,5.75,
LAO,FMLE,7,5.75,
PER,MLE,3,5.75,
KWT,MLE,4,5.76,
SEN,MLE,1,5.76,
USA,FMLE,7,5.78,
IDN,MLE,5,5.79,
TUN,FMLE,8,5.79,
ITA,BTSX,3,5.8,
KWT,MLE,3,5.81,
MRT,BTSX,4,5.81,
AGO,BTSX,2,5.82,
CPV,BTSX,1,5.82,
GNB,FMLE,3,5.82,
TCD,MLE,1,5.83,
JAM,MLE,5,5.83,
JAM,MLE,6,5.83,
STP,BTSX,6,5.83,
AFG,FMLE,2,5.84,
BOL,BTSX,2,5.84,
LBR,FMLE,4,5.84,
SGP,FMLE,7,5.84,
EGY,MLE,3,5.85,
IRQ,BTSX,3,5.85,
LBR,BTSX,3,5.86,
ESP,FMLE,5,5.87,
PAK,FMLE,4,5.88,
PNG,BTSX,5,5.88,
DZA,MLE,7,5.89,
ARE,FMLE,3,5.89,
ETH,FMLE,4,5.9,
TON,MLE,4,5.9,
BRB,FMLE,7,5.92,
TON,BTSX,1,5.92,
AUS,FMLE,6,5.93,
IRN,FMLE,8,5.93,
PAK,FMLE,7,5.93,
ISR,FMLE,7,5.94,
LVA,FMLE,3,5.94,
CAN,FMLE,3,5.95,
KGZ,FMLE,1,5.95,
NAM,FMLE,3,5.95,
PNG,BTSX,3,5.95,
JAM,MLE,4,5.96,
SAU,BTSX,6,5.96,
CIV,FMLE,4,5.97,
CMR,FMLE,3,5.98,
BDI,BTSX,2,5.99,
DEU,BTSX,1,5.99,
TLS,FMLE,6,5.99,
TUN,MLE,3,5.99,
MRT,MLE,7,50.12,
CHN,FMLE,8,50.18,
TZA,BTSX,7,50.18,
FJI,BTSX,8,50.29,
KIR,BTSX,8,50.3,
SOM,BTSX,6,50.3,
MLI,MLE,7,50.36,
SLB,MLE,3,50.43,
RWA,MLE,6,50.46,
SUR,BTSX,5,50.54,
VUT,FMLE,8,50.6,
SLE,BTSX,7,50.64,
BWA,MLE,3,50.67,
TGO,BTSX,6,50.79,
CAF,MLE,8,507.0,
TCD,BTSX,6,51.02,
KOR,MLE,4,51.03,
TZA,MLE,6,51.06,
LVA,MLE,5,51.2,
NAM,MLE,5,51.22,
MDG,FMLE,8,51.23,
LBR,MLE,7,51.3,
CHE,MLE,7,51.33,
UKR,MLE,6,51.44,
ZWE,BTSX,5,51.49,
CAF,BTSX,4,51.55,
COD,MLE,5,51.65,
SWZ,BTSX,6,51.68,
LSO,FMLE,7,51.74,
RWA,BTSX,7,51.86,
NER,BTSX,7,51.89,
GAB,BTSX,6,51.9,
NER,MLE,6,51.93,
GUY,BTSX,6,51.99,
CIV,MLE,8,518.2,
MDA,MLE,5,52.06,
GUY,BTSX,1,52.21,
SLE,MLE,6,52.25,
SWZ,BTSX,7,52.31,
KIR,BTSX,1,52.39,
MNE,BTSX,7,52.4,
AGO,MLE,5,52.44,
LTU,MLE,3,52.52,
URY,MLE,6,52.63,
KGZ,MLE,8,52.76,
SSD,FMLE,8,52.96,
SVN,MLE,6,53.11,
TGO,MLE,5,53.3,
RUS,MLE,5,53.36,
ZWE,FMLE,7,53.36,
DJI,MLE,6,53.43,
LVA,MLE,4,53.52,
KAZ,MLE,3,53.54,
GIN,BTSX,7,53.58,
MNG,MLE,3,53.58,
KIR,BTSX,2,53.62,
GMB,MLE,6,53.68,
GUY,BTSX,4,53.68,
NAM,MLE,6,53.72,
COD,FMLE,8,53.83,
NAM,MLE,4,53.85,
GAB,MLE,5,53.98,
MNE,MLE,5,54.06,
FSM,BTSX,2,54.11,
BFA,BTSX,6,54.17,
ZAF,BTSX,8,54.18,
LTU,MLE,4,54.29,
BIH,BTSX,8,54.59,
CUB,BTSX,8,54.87,
UKR,MLE,3,55.23,
BLR,MLE,4,55.24,
GAB,FMLE,8,55.26,
UKR,MLE,4,55.27,
CMR,MLE,5,55.4,
GNB,BTSX,7,55.51,
RUS,MLE,6,55.52,
CPV,BTSX,7,55.53,
SOM,MLE,5,55.64,
CMR,BTSX,6,55.71,
ETH,MLE,6,55.93,
ERI,BTSX,6,56.32,
LCA,MLE,8,56.43,
BEN,BTSX,7,56.53,
GMB,BTSX,7,56.53,
DJI,BTSX,7,56.59,
BTN,MLE,8,56.61,
DNK,MLE,8,56.7,
SYC,MLE,8,56.72,
COM,MLE,7,56.9,
UGA,FMLE,8,56.96,
IND,BTSX,8,57.15,
CIV,MLE,5,57.28,
GHA,BTSX,7,57.37,
ZMB,BTSX,7,57.41,
CZE,MLE,8,57.74,
BLR,MLE,5,57.92,
BFA,MLE,5,57.96,
LVA,MLE,7,57.96,
MNG,MLE,2,58.13,
UKR,BTSX,8,58.28,
ZAF,MLE,4,58.36,
KOR,MLE,5,58.41,
BRN,BTSX,8,58.52,
RUS,BTSX,8,58.6,
MKD,BTSX,8,58.64,
KEN,BTSX,7,58.84,
SLB,MLE,2,58.84,
GUY,BTSX,2,58.91,
BDI,BTSX,7,59.01,
VUT,MLE,2,59.01,
SRB,MLE,7,59.15,
CIV,BTSX,6,59.5,
BLR,BTSX,8,59.58,
FRA,MLE,8,59.58,
TLS,MLE,8,59.79,
MRT,FMLE,8,59.89,
OMN,MLE,3,6.0,
QAT,FMLE,7,6.01,
LKA,FMLE,3,6.01,
ETH,BTSX,3,6.02,
JAM,BTSX,8,6.02,
NLD,FMLE,2,6.02,
PNG,MLE,2,6.02,
COG,BTSX,2,6.03,
PRK,BTSX,1,6.03,
LUX,MLE,1,6.04,
BHS,BTSX,7,6.05,
BGR,FMLE,6,6.06,
CZE,FMLE,6,6.06,
DOM,BTSX,3,6.07,
SYR,BTSX,8,6.07,
IRL,BTSX,8,6.08,
AFG,MLE,1,6.09,
ITA,FMLE,8,6.09,
MLI,BTSX,3,6.09,
PAN,MLE,4,6.09,
PRY,BTSX,3,6.09,
ESP,FMLE,6,6.09,
DZA,FMLE,8,6.1,
KHM,BTSX,2,6.11,
NIC,FMLE,8,6.11,
ITA,MLE,2,6.12,
ARE,BTSX,6,6.12,
COD,FMLE,4,6.13,
PNG,BTSX,7,6.13,
AGO,MLE,1,6.14,
KWT,FMLE,8,6.14,
MNE,FMLE,1,6.14,
BTN,FMLE,5,6.15,
BTN,MLE,2,6.15,
LVA,FMLE,4,6.15,
MDV,FMLE,8,6.15,
TZA,BTSX,3,6.15,
USA,FMLE,1,6.15,
ALB,BTSX,4,6.16,
ARG,FMLE,1,6.16,
NOR,FMLE,1,6.16,
SAU,MLE,1,6.16,
CYP,BTSX,4,6.17,
HUN,FMLE,3,6.17,
WSM,FMLE,4,6.18,
COL,MLE,3,6.19,
FRA,MLE,1,6.19,
MAR,FMLE,2,6.19,
COM,BTSX,2,6.2,
UGA,BTSX,3,6.21,
ZWE,FMLE,1,6.22,
KAZ,FMLE,5,6.23,
STP,MLE,5,6.23,
KHM,BTSX,3,6.24,
DOM,BTSX,2,6.24,
NZL,FMLE,5,6.25,
MEX,BTSX,4,6.27,
PER,BTSX,8,6.27,
BRA,FMLE,8,6.28,
GMB,BTSX,3,6.28,
MYS,BTSX,3,6.28,
VCT,MLE,7,6.29,
CHN,BTSX,3,6.3,
NZL,FMLE,2,6.3,
PER,MLE,6,6.3,
ROU,BTSX,2,6.3,
DOM,FMLE,8,6.31,
MOZ,FMLE,1,6.31,
SDN,BTSX,6,6.31,
VEN,BTSX,7,6.31,
SLV,BTSX,4,6.32,
GIN,MLE,1,6.32,
SEN,FMLE,4,6.32,
ITA,FMLE,7,6.34,
PRT,BTSX,2,6.34,
MYS,BTSX,2,6.35,
BGD,BTSX,6,6.36,
EGY,MLE,4,6.36,
YEM,FMLE,4,6.36,
AUS,FMLE,2,6.37,
NLD,BTSX,1,6.37,
SLE,BTSX,2,6.37,
AZE,MLE,1,6.38,
HRV,BTSX,1,6.38,
TJK,BTSX,2,6.38,
TON,BTSX,5,6.38,
BEL,FMLE,2,6.39,
QAT,MLE,4,6.39,
ISR,BTSX,2,6.4,
ARM,MLE,3,6.41,
BGR,BTSX,2,6.42,
BDI,MLE,1,6.42,
MMR,BTSX,7,6.42,
PER,MLE,2,6.42,
EGY,FMLE,8,6.43,
HND,MLE,4,6.43,
SRB,BTSX,2,6.43,
IDN,FMLE,7,6.44,
LUX,BTSX,2,6.44,
MDG,BTSX,3,6.45,
RWA,FMLE,4,6.45,
TKM,BTSX,5,6.45,
BOL,FMLE,1,6.46,
COL,BTSX,6,6.47,
SGP,FMLE,8,6.47,
GTM,FMLE,1,6.48,
TLS,BTSX,5,6.49,
UKR,FMLE,3,6.49,
TJK,FMLE,6,6.5,
MMR,MLE,3,6.51,
SRB,FMLE,4,6.51,
BTN,MLE,3,6.52,
IRN,BTSX,7,6.53,
MNG,FMLE,4,6.53,
PNG,FMLE,8,6.53,
ERI,FMLE,3,6.54,
GTM,BTSX,4,6.55,
CHE,BTSX,1,6.55,
ETH,MLE,2,6.56,
MNG,FMLE,3,6.56,
SSD,FMLE,5,6.56,
SDN,MLE,1,6.56,
TLS,FMLE,7,6.56,
BIH,FMLE,6,6.57,
MAR,FMLE,4,6.57,
CZE,FMLE,4,6.58,
GEO,BTSX,1,6.58,
LBY,BTSX,2,6.6,
NER,MLE,2,6.6,
ARM,BTSX,6,6.61,
BHR,FMLE,7,6.61,
CAN,FMLE,7,6.61,
MYS,MLE,1,6.61,
COL,MLE,4,6.62,
IRN,BTSX,3,6.62,
TUN,BTSX,7,6.64,
LBN,MLE,6,6.65,
AFG,FMLE,3,6.66,
BRN,BTSX,2,6.67,
MWI,BTSX,3,6.67,
SVK,FMLE,5,6.67,
GRC,BTSX,6,6.68,
MOZ,FMLE,2,6.68,
RWA,BTSX,3,6.68,
STP,BTSX,7,6.68,
LBY,BTSX,4,6.69,
DOM,BTSX,4,6.7,
LBR,MLE,2,6.7,
PRY,BTSX,4,6.7,
YEM,FMLE,1,6.7,
GRC,MLE,3,6.71,
BGD,MLE,3,6.72,
DNK,FMLE,4,6.72,
GIN,FMLE,3,6.72,
BOL,BTSX,1,6.73,
CUB,FMLE,4,6.73,
DNK,BTSX,2,6.73,
PAK,FMLE,1,6.74,
HTI,MLE,1,6.75,
NER,BTSX,3,6.75,
MKD,BTSX,3,6.76,
TKM,FMLE,6,6.76,
CAN,FMLE,1,6.77,
PRK,FMLE,3,6.78,
MLT,BTSX,5,6.79,
NIC,MLE,3,6.79,
SDN,BTSX,3,6.8,
AZE,BTSX,6,6.82,
CAN,FMLE,2,6.82,
BEL,BTSX,1,6.83,
HRV,FMLE,3,6.83,
MMR,FMLE,8,6.83,
NOR,FMLE,2,6.83,
GBR,BTSX,6,6.83,
NGA,BTSX,4,6.84,
PNG,MLE,4,6.84,
CHE,FMLE,3,6.84,
THA,BTSX,1,6.84,
BOL,MLE,2,6.85,
DJI,FMLE,2,6.85,
MDG,MLE,2,6.85,
BIH,BTSX,1,6.86,
EST,FMLE,5,6.86,
MDA,FMLE,7,6.87,
ROU,FMLE,7,6.87,
SVK,FMLE,4,6.87,
VEN,MLE,6,6.87,
BTN,BTSX,4,6.88,
BOL,BTSX,3,6.89,
NGA,MLE,3,6.9,
CYP,MLE,1,6.91,
GHA,FMLE,6,6.91,
MWI,FMLE,5,6.91,
GMB,MLE,2,6.92,
KEN,FMLE,3,6.92,
TLS,MLE,3,6.92,
ATG,FMLE,5,6.93,
ZAF,FMLE,1,6.93,
TUR,MLE,7,6.93,
CMR,MLE,1,6.94,
HUN,BTSX,1,6.94,
MDV,BTSX,6,6.94,
PAK,FMLE,3,6.94,
QAT,BTSX,1,6.94,
SLE,FMLE,3,6.95,
UKR,FMLE,5,6.95,
CAF,BTSX,1,6.96,
KAZ,FMLE,2,6.96,
MMR,MLE,2,6.96,
GTM,BTSX,3,6.97,
SDN,BTSX,7,6.98,
ZMB,BTSX,2,6.98,
BOL,MLE,1,6.99,
NIC,BTSX,1,6.99,
RUS,FMLE,1,6.99,
TUR,BTSX,8,6.99,
GBR,BTSX,7,6.99,
AGO,FMLE,8,60.07,
ZMB,MLE,5,60.7,
COG,BTSX,7,60.75,
BEL,MLE,8,60.78,
KOR,MLE,6,60.83,
RUS,MLE,4,60.93,
LSO,MLE,8,600.7,
MOZ,BTSX,6,61.22,
SRB,BTSX,8,61.37,
LKA,MLE,6,61.63,
MAR,MLE,8,61.69,
KEN,MLE,6,61.7,
MWI,BTSX,7,61.75,
AUT,MLE,7,61.86,
GIN,MLE,6,62.12,
HRV,BTSX,8,62.22,
LSO,FMLE,4,62.24,
KAZ,FMLE,8,62.51,
ERI,MLE,5,62.82,
ZWE,BTSX,6,63.08,
COD,BTSX,7,63.49,
AGO,BTSX,7,63.54,
BLR,MLE,6,63.62,
SOM,BTSX,7,63.69,
MNE,MLE,6,63.92,
UGA,BTSX,7,64.05,
BEN,FMLE,8,64.07,
BDI,MLE,6,64.35,
ETH,BTSX,7,64.37,
COM,FMLE,8,64.71,
ZMB,FMLE,8,64.75,
NPL,MLE,8,64.87,
PRK,BTSX,8,64.94,
MOZ,MLE,8,646.0,
CAF,BTSX,5,65.44,
GUY,BTSX,3,65.54,
LTU,MLE,5,65.71,
TGO,BTSX,7,66.19,
BDI,FMLE,8,66.38,
FSM,BTSX,8,66.43,
FSM,MLE,3,66.48,
BEN,MLE,6,66.53,
FSM,MLE,1,66.73,
ETH,FMLE,8,66.98,
CPV,MLE,5,67.25,
KEN,FMLE,8,67.67,
SEN,BTSX,7,67.8,
SVK,MLE,8,67.98,
SWZ,BTSX,5,68.39,
UKR,MLE,7,69.03,
HRV,MLE,7,69.06,
DJI,FMLE,8,69.12,
GUY,MLE,1,69.14,
ARM,MLE,8,69.61,
COG,MLE,6,69.89,
KOR,BTSX,7,69.89,
CMR,BTSX,7,69.93,
GBR,MLE,1,7.0,
IRL,FMLE,4,7.01,
JPN,FMLE,1,7.01,
LAO,BTSX,4,7.01,
MWI,MLE,1,7.01,
ECU,BTSX,4,7.03,
LVA,FMLE,5,7.03,
LUX,FMLE,3,7.03,
OMN,BTSX,2,7.03,
MKD,BTSX,2,7.03,
AUT,FMLE,6,7.04,
COL,MLE,2,7.04,
MLT,BTSX,2,7.05,
NIC,MLE,2,7.05,
PNG,BTSX,6,7.05,
ARE,BTSX,5,7.05,
AFG,MLE,5,7.07,
GBR,FMLE,4,7.07,
MEX,BTSX,1,7.08,
FIN,FMLE,3,7.09,
ISR,BTSX,3,7.09,
KIR,FMLE,4,7.09,
LAO,BTSX,3,7.09,
PER,MLE,7,7.09,
LVA,FMLE,2,7.1,
MDA,FMLE,5,7.12,
SEN,BTSX,3,7.12,
CYP,FMLE,8,7.13,
BOL,FMLE,6,7.14,
BFA,MLE,1,7.14,
KHM,FMLE,7,7.14,
SGP,FMLE,5,7.15,
TON,MLE,3,7.15,
PAN,BTSX,7,7.16,
PRY,BTSX,7,7.16,
GTM,BTSX,5,7.17,
MMR,MLE,5,7.17,
BGD,MLE,2,7.18,
KHM,BTSX,4,7.18,
ESP,BTSX,3,7.18,
SAU,BTSX,5,7.2,
LTU,FMLE,2,7.21,
VNM,BTSX,2,7.21,
MLI,FMLE,4,7.23,
SRB,FMLE,5,7.23,
BRA,BTSX,2,7.24,
PRT,FMLE,5,7.24,
LTU,FMLE,3,7.25,
NZL,FMLE,3,7.27,
VNM,BTSX,3,7.28,
FJI,FMLE,2,7.29,
PAK,FMLE,2,7.29,
BGR,BTSX,3,7.31,
GTM,BTSX,7,7.32,
GNB,BTSX,2,7.32,
TJK,BTSX,5,7.32,
TUN,MLE,6,7.32,
VEN,BTSX,8,7.32,
KEN,MLE,2,7.33,
QAT,BTSX,2,7.33,
KWT,MLE,7,7.34,
LKA,FMLE,2,7.34,
CIV,MLE,1,7.35,
MRT,MLE,4,7.35,
THA,FMLE,7,7.35,
AZE,FMLE,7,7.36,
ARE,BTSX,4,7.36,
BHS,MLE,4,7.37,
MDA,FMLE,6,7.37,
SOM,BTSX,2,7.37,
ESP,FMLE,7,7.37,
SDN,BTSX,2,7.37,
SWE,FMLE,1,7.37,
CHN,BTSX,4,7.38,
FJI,FMLE,5,7.38,
MYS,BTSX,4,7.38,
HTI,FMLE,7,7.39,
USA,FMLE,6,7.39,
PRK,BTSX,2,7.4,
GRC,BTSX,7,7.4,
IRN,MLE,6,7.4,
TUN,MLE,2,7.41,
HND,BTSX,6,7.42,
SSD,MLE,3,7.42,
CHL,BTSX,1,7.43,
CUB,MLE,1,7.43,
JOR,MLE,7,7.44,
ESP,MLE,2,7.44,
TKM,BTSX,4,7.44,
ITA,BTSX,4,7.45,
MEX,BTSX,2,7.45,
CZE,FMLE,5,7.46,
SVN,FMLE,5,7.46,
PHL,MLE,6,7.48,
QAT,BTSX,3,7.48,
VNM,MLE,1,7.48,
CUB,BTSX,2,7.5,
SLV,BTSX,2,7.5,
COL,MLE,5,7.51,
HND,MLE,5,7.52,
KAZ,FMLE,4,7.52,
RUS,FMLE,2,7.52,
GAB,BTSX,2,7.53,
NLD,FMLE,3,7.53,
TON,BTSX,6,7.53,
IRL,BTSX,1,7.55,
PRT,FMLE,4,7.55,
SLE,MLE,2,7.55,
GRC,BTSX,8,7.58,
GNB,MLE,1,7.59,
NOR,FMLE,3,7.59,
SYC,BTSX,1,7.59,
AFG,BTSX,2,7.6,
SLV,BTSX,7,7.6,
LBY,MLE,5,7.6,
TLS,MLE,1,7.6,
AUT,FMLE,3,7.61,
BRA,BTSX,1,7.61,
NAM,FMLE,4,7.61,
ZWE,FMLE,2,7.61,
LBY,MLE,6,7.62,
ZMB,MLE,1,7.62,
COM,BTSX,3,7.63,
LAO,BTSX,1,7.63,
BIH,BTSX,2,7.64,
ROU,MLE,1,7.64,
TJK,BTSX,4,7.64,
TLS,MLE,2,7.64,
YEM,BTSX,1,7.66,
GAB,MLE,1,7.67,
IRQ,MLE,2,7.67,
SVN,BTSX,1,7.67,
SVN,FMLE,3,7.69,
AFG,MLE,6,7.7,
BHR,MLE,6,7.7,
LBY,BTSX,3,7.7,
EST,FMLE,1,7.72,
KGZ,BTSX,2,7.72,
STP,FMLE,8,7.72,
AFG,FMLE,7,7.74,
AGO,FMLE,4,7.74,
NOR,BTSX,1,7.74,
LCA,BTSX,2,7.76,
TLS,MLE,4,7.76,
TON,MLE,5,7.76,
AUT,BTSX,1,7.77,
NAM,BTSX,1,7.77,
ZMB,FMLE,4,7.77,
AUS,FMLE,5,7.78,
DEU,BTSX,2,7.78,
ISR,BTSX,4,7.79,
BHS,MLE,5,7.8,
CYP,MLE,3,7.81,
ARE,FMLE,7,7.81,
BEN,FMLE,4,7.82,
GRC,BTSX,4,7.82,
MEX,BTSX,7,7.83,
CHE,BTSX,2,7.83,
TTO,BTSX,6,7.83,
BLZ,BTSX,4,7.84,
EGY,MLE,6,7.84,
BFA,BTSX,2,7.85,
DEU,FMLE,4,7.85,
BOL,FMLE,7,7.86,
IRQ,BTSX,5,7.86,
BFA,FMLE,4,7.87,
SGP,FMLE,3,7.87,
BGD,MLE,5,7.88,
CAN,FMLE,5,7.88,
PNG,MLE,5,7.88,
ARE,BTSX,3,7.88,
ALB,MLE,5,7.89,
ISL,FMLE,4,7.89,
TON,FMLE,7,7.89,
NZL,FMLE,1,7.9,
ARE,MLE,1,7.9,
MEX,BTSX,3,7.91,
YEM,BTSX,7,7.91,
BLR,BTSX,1,7.92,
COM,FMLE,4,7.92,
GEO,BTSX,2,7.92,
BLR,FMLE,3,7.93,
BOL,FMLE,8,7.93,
KHM,MLE,1,7.93,
LAO,BTSX,5,7.94,
TJK,MLE,2,7.94,
FJI,FMLE,6,7.95,
CIV,BTSX,2,7.96,
PRK,MLE,1,7.96,
COD,BTSX,3,7.96,
ZAF,FMLE,5,7.96,
IDN,MLE,6,7.97,
UGA,MLE,2,7.97,
BEN,MLE,1,7.98,
TZA,MLE,2,7.98,
MAR,BTSX,1,7.99,
SDN,MLE,4,7.99,
TON,MLE,1,7.99,
YEM,BTSX,6,7.99,
BFA,BTSX,7,70.02,
LSO,FMLE,3,70.11,
MNG,MLE,8,70.13,
GAB,BTSX,7,70.34,
MWI,FMLE,8,70.38,
CAF,FMLE,8,70.66,
PRT,MLE,8,70.76,
GNQ,BTSX,7,70.91,
SUR,MLE,2,71.04,
RUS,MLE,3,71.11,
TCD,BTSX,7,71.44,
SLE,MLE,7,71.84,
CHN,BTSX,8,71.92,
BWA,MLE,6,71.96,
MOZ,MLE,4,71.98,
CAF,BTSX,6,72.05,
CHE,MLE,8,72.12,
NAM,BTSX,8,72.22,
BWA,MLE,5,72.35,
LTU,MLE,7,72.64,
SUR,BTSX,7,72.66,
GNQ,FMLE,8,72.88,
SOM,MLE,6,73.14,
RUS,MLE,7,73.19,
NAM,MLE,7,73.53,
NER,MLE,7,73.85,
ERI,BTSX,7,73.93,
ZAF,MLE,2,74.34,
CAF,BTSX,7,74.37,
SSD,MLE,7,74.39,
TZA,FMLE,8,74.4,
GNQ,MLE,6,74.79,
SLB,MLE,8,74.95,
ZWE,MLE,4,74.97,
HUN,MLE,7,74.99,
WSM,MLE,8,75.02,
SWZ,BTSX,3,75.03,
TCD,MLE,6,75.14,
ERI,FMLE,8,75.17,
BGR,MLE,8,75.38,
GNB,MLE,6,75.42,
CUB,MLE,7,76.22,
KAZ,MLE,7,76.23,
SVN,MLE,7,76.4,
BWA,MLE,4,76.41,
SEN,MLE,6,76.46,
NGA,MLE,7,76.47,
LSO,FMLE,8,76.58,
ZAF,MLE,3,76.79,
MDG,MLE,7,76.8,
LTU,MLE,6,76.86,
HTI,MLE,8,77.72,
GMB,MLE,7,77.75,
COG,FMLE,8,78.33,
SWZ,MLE,2,78.83,
COD,MLE,6,78.9,
UGA,MLE,6,79.0,
GHA,MLE,6,79.3,
DEU,MLE,8,79.37,
IND,MLE,8,79.55,
SOM,FMLE,8,79.61,
URY,MLE,7,79.84,
CAF,FMLE,3,8.0,
PRT,BTSX,3,8.0,
MAR,FMLE,3,8.01,
URY,FMLE,1,8.01,
TON,MLE,2,8.02,
GBR,BTSX,8,8.03,
COL,BTSX,7,8.06,
COL,MLE,1,8.06,
JAM,MLE,7,8.06,
GRC,BTSX,5,8.07,
AUS,FMLE,3,8.08,
GTM,BTSX,6,8.08,
LBN,MLE,7,8.08,
NIC,BTSX,5,8.08,
CZE,BTSX,1,8.09,
RWA,MLE,2,8.09,
YEM,FMLE,2,8.09,
PRK,BTSX,3,8.1,
TJK,BTSX,3,8.1,
FRA,FMLE,4,8.11,
GEO,FMLE,7,8.11,
ARE,BTSX,2,8.11,
ARE,MLE,5,8.11,
NOR,FMLE,8,8.12,
UZB,BTSX,6,8.12,
FIN,FMLE,6,8.13,
IRN,MLE,5,8.13,
AFG,MLE,4,8.14,
UKR,FMLE,4,8.14,
IRN,BTSX,2,8.16,
LAO,BTSX,2,8.16,
PRY,BTSX,2,8.16,
SSD,BTSX,4,8.16,
TGO,MLE,1,8.16,
EGY,MLE,5,8.17,
CHN,MLE,2,8.18,
BHR,MLE,5,8.19,
ECU,BTSX,3,8.19,
GHA,BTSX,3,8.19,
MNG,FMLE,8,8.19,
SGP,FMLE,2,8.19,
TKM,BTSX,1,8.19,
TKM,BTSX,2,8.19,
GIN,BTSX,2,8.2,
THA,BTSX,4,8.22,
UZB,BTSX,5,8.23,
ECU,FMLE,1,8.24,
IRN,BTSX,1,8.24,
NZL,BTSX,6,8.24,
JPN,FMLE,3,8.25,
QAT,MLE,2,8.25,
BGD,MLE,4,8.26,
MDG,FMLE,4,8.26,
SOM,FMLE,4,8.26,
COG,BTSX,3,8.27,
NOR,FMLE,7,8.27,
VUT,FMLE,4,8.27,
KHM,FMLE,6,8.28,
CYP,MLE,7,8.29,
DEU,FMLE,5,8.29,
IRQ,BTSX,6,8.29,
BEN,BTSX,2,8.3,
TKM,FMLE,7,8.3,
YEM,BTSX,5,8.3,
SOM,MLE,1,8.31,
NER,FMLE,4,8.33,
DZA,BTSX,8,8.34,
CAF,BTSX,2,8.34,
FIN,FMLE,8,8.34,
LCA,MLE,1,8.34,
SDN,FMLE,8,8.34,
TTO,FMLE,1,8.34,
DEU,FMLE,6,8.35,
LVA,FMLE,6,8.35,
IRN,MLE,4,8.36,
IRQ,BTSX,4,8.36,
ERI,MLE,1,8.37,
NAM,FMLE,5,8.37,
ITA,BTSX,5,8.38,
ALB,MLE,3,8.39,
AGO,BTSX,3,8.4,
DNK,FMLE,6,8.4,
FJI,BTSX,4,8.42,
TZA,FMLE,5,8.42,
AZE,MLE,2,8.43,
BLR,FMLE,5,8.43,
CHN,MLE,3,8.43,
VNM,BTSX,4,8.43,
BHS,MLE,3,8.44,
NLD,MLE,1,8.44,
LBR,MLE,3,8.46,
MNE,FMLE,2,8.46,
PAN,MLE,6,8.46,
AFG,BTSX,7,8.47,
FRA,BTSX,2,8.47,
BRA,BTSX,3,8.48,
FIN,FMLE,2,8.48,
THA,BTSX,5,8.48,
BHR,BTSX,4,8.5,
ZAF,FMLE,6,8.5,
ARE,MLE,6,8.5,
YEM,FMLE,3,8.5,
BLZ,MLE,1,8.51,
IRQ,MLE,3,8.51,
ARM,MLE,4,8.52,
POL,BTSX,1,8.54,
OMN,MLE,6,8.55,
JPN,FMLE,2,8.56,
SAU,BTSX,4,8.56,
SWE,FMLE,3,8.56,
SLV,BTSX,1,8.57,
MUS,MLE,5,8.57,
GNQ,MLE,2,8.58,
YEM,MLE,1,8.59,
BHR,BTSX,1,8.61,
EGY,MLE,7,8.61,
MYS,FMLE,6,8.61,
NZL,FMLE,4,8.61,
SDN,MLE,5,8.61,
HRV,BTSX,2,8.62,
LBY,MLE,7,8.62,
ARE,MLE,3,8.62,
BHS,MLE,2,8.64,
AFG,BTSX,3,8.65,
GTM,BTSX,2,8.66,
NIC,BTSX,7,8.67,
SVK,BTSX,2,8.68,
QAT,MLE,1,8.7,
CPV,FMLE,4,8.71,
MAR,BTSX,2,8.71,
TKM,BTSX,3,8.71,
STP,MLE,6,8.72,
SLV,BTSX,6,8.73,
URY,FMLE,4,8.73,
UZB,BTSX,7,8.73,
EST,FMLE,6,8.74,
GNB,FMLE,4,8.74,
MKD,FMLE,5,8.74,
ALB,FMLE,7,8.76,
SWZ,FMLE,3,8.76,
AUS,FMLE,7,8.77,
ITA,MLE,3,8.77,
OMN,MLE,2,8.77,
SAU,BTSX,2,8.77,
SVK,FMLE,8,8.77,
TTO,BTSX,5,8.77,
MOZ,FMLE,3,8.79,
PRY,BTSX,5,8.79,
ARE,MLE,4,8.79,
BTN,MLE,4,8.82,
KIR,FMLE,3,8.82,
PAN,BTSX,8,8.83,
ECU,BTSX,5,8.84,
LUX,FMLE,4,8.87,
MNG,FMLE,2,8.87,
MDA,BTSX,1,8.87,
GBR,BTSX,2,8.88,
SDN,MLE,3,8.89,
QAT,MLE,3,8.93,
MLI,MLE,3,8.94,
TKM,BTSX,6,8.94,
PRY,MLE,3,8.96,
KEN,FMLE,4,8.97,
FIN,FMLE,5,8.98,
LVA,MLE,8,80.18,
GIN,MLE,7,80.25,
AGO,MLE,6,80.35,
MWI,MLE,6,80.38,
CIV,BTSX,7,80.5,
SGP,MLE,8,80.58,
SLE,FMLE,8,80.66,
SUR,MLE,6,80.9,
LKA,MLE,7,81.06,
ZMB,MLE,6,81.71,
GUY,MLE,5,82.29,
TGO,MLE,6,82.35,
RWA,BTSX,8,82.7,
TCD,FMLE,8,82.72,
SUR,MLE,5,82.74,
FJI,MLE,8,82.75,
KIR,MLE,3,82.83,
DJI,MLE,7,83.34,
LSO,BTSX,2,83.93,
FSM,MLE,2,84.08,
CPV,MLE,6,84.19,
AUT,MLE,8,84.43,
CAF,MLE,4,84.62,
BLR,MLE,7,85.56,
RWA,MLE,7,85.77,
KIR,MLE,1,86.87,
ERI,MLE,6,86.97,
MRT,BTSX,8,87.12,
GUY,MLE,4,87.33,
CMR,MLE,6,87.83,
MOZ,FMLE,8,88.14,
ZWE,BTSX,7,88.29,
ZWE,MLE,5,88.36,
TZA,MLE,7,88.52,
SEN,FMLE,8,88.75,
LKA,MLE,8,88.92,
CIV,FMLE,8,89.14,
MOZ,BTSX,7,89.76,
DJI,BTSX,2,9.0,
COD,MLE,2,9.01,
MDG,MLE,3,9.01,
NPL,FMLE,7,9.02,
PNG,MLE,7,9.02,
UGA,FMLE,5,9.02,
IDN,BTSX,7,9.03,
ISR,BTSX,8,9.03,
PAK,BTSX,6,9.03,
AUT,FMLE,5,9.04,
DEU,MLE,1,9.04,
PNG,MLE,3,9.04,
AUS,FMLE,8,9.05,
HTI,BTSX,1,9.05,
SAU,MLE,6,9.05,
CHN,MLE,4,9.08,
JAM,MLE,8,9.08,
LBN,BTSX,8,9.08,
NIC,BTSX,6,9.08,
TLS,MLE,5,9.09,
TGO,BTSX,2,9.09,
KHM,MLE,2,9.1,
LUX,MLE,2,9.1,
TJK,BTSX,6,9.1,
TCD,MLE,2,9.11,
COM,MLE,2,9.11,
HTI,FMLE,6,9.12,
LBR,BTSX,4,9.12,
NIC,MLE,4,9.12,
PRT,FMLE,6,9.12,
AZE,MLE,4,9.14,
LBY,MLE,4,9.15,
PRK,FMLE,4,9.16,
MUS,BTSX,8,9.16,
PRK,MLE,2,9.17,
RUS,FMLE,5,9.17,
CAN,FMLE,4,9.19,
CHN,FMLE,5,9.2,
MEX,MLE,5,9.2,
NGA,MLE,4,9.2,
AFG,MLE,2,9.21,
LBY,MLE,2,9.21,
ARE,BTSX,7,9.21,
KAZ,FMLE,6,9.23,
SWE,FMLE,6,9.23,
BRA,BTSX,4,9.24,
GMB,FMLE,4,9.24,
NOR,MLE,1,9.24,
GAB,FMLE,5,9.25,
BHS,MLE,6,9.26,
PRY,BTSX,1,9.26,
WSM,FMLE,3,9.26,
SDN,MLE,6,9.26,
CMR,BTSX,2,9.27,
HTI,FMLE,5,9.27,
UZB,BTSX,2,9.27,
BDI,FMLE,4,9.28,
PAK,BTSX,5,9.28,
IRN,MLE,7,9.29,
SAU,MLE,7,9.29,
TGO,FMLE,4,9.3,
FRA,FMLE,5,9.31,
IRQ,FMLE,8,9.31,
SEN,MLE,2,9.32,
ARM,MLE,5,9.33,
PHL,BTSX,7,9.33,
MDA,FMLE,8,9.33,
AFG,MLE,7,9.34,
ITA,BTSX,6,9.34,
BDI,MLE,2,9.35,
FIN,FMLE,7,9.35,
SLV,MLE,5,9.37,
ETH,MLE,3,9.37,
GHA,MLE,2,9.38,
ISR,BTSX,5,9.38,
LKA,FMLE,6,9.38,
SDN,MLE,2,9.38,
BDI,BTSX,3,9.4,
PRK,MLE,3,9.4,
AZE,MLE,3,9.42,
DOM,BTSX,5,9.42,
BRA,BTSX,5,9.43,
IRL,MLE,7,9.43,
SVK,MLE,1,9.44,
KAZ,FMLE,3,9.45,
NAM,BTSX,2,9.45,
LTU,FMLE,4,9.46,
PRY,MLE,4,9.46,
UKR,FMLE,6,9.47,
VNM,FMLE,5,9.48,
BIH,FMLE,7,9.49,
AZE,MLE,5,9.5,
OMN,BTSX,7,9.5,
SGP,FMLE,1,9.5,
TTO,BTSX,7,9.51,
DNK,BTSX,3,9.52,
KGZ,BTSX,1,9.52,
MMR,MLE,6,9.53,
GMB,MLE,3,9.54,
KEN,FMLE,5,9.54,
TJK,FMLE,7,9.54,
DJI,FMLE,3,9.55,
AFG,BTSX,4,9.56,
BTN,BTSX,5,9.56,
AUT,BTSX,2,9.58,
GHA,FMLE,7,9.58,
LUX,FMLE,5,9.58,
MNG,FMLE,1,9.58,
ARG,BTSX,3,9.6,
GNQ,BTSX,2,9.6,
GTM,BTSX,8,9.6,
LAO,BTSX,6,9.6,
ARG,BTSX,4,9.63,
ARE,MLE,2,9.63,
KHM,MLE,3,9.64,
ISR,BTSX,6,9.64,
USA,FMLE,3,9.64,
BOL,MLE,3,9.65,
CRI,MLE,6,9.67,
CRI,MLE,8,9.67,
BLZ,BTSX,3,9.68,
COG,MLE,2,9.69,
LCA,BTSX,4,9.69,
KHM,BTSX,5,9.71,
PAN,MLE,5,9.71,
WSM,FMLE,2,9.71,
HUN,BTSX,2,9.72,
SAU,BTSX,8,9.72,
MNE,FMLE,3,9.73,
SAU,MLE,5,9.74,
BRN,MLE,3,9.75,
JOR,FMLE,8,9.77,
OMN,BTSX,1,9.77,
USA,FMLE,2,9.77,
TON,MLE,6,9.78,
GAB,BTSX,3,9.79,
NIC,BTSX,8,9.79,
CPV,MLE,1,9.81,
ARE,MLE,7,9.81,
AFG,BTSX,5,9.82,
AUT,FMLE,8,9.82,
TCD,FMLE,4,9.82,
NPL,BTSX,2,9.82,
VUT,FMLE,3,9.82,
COG,FMLE,4,9.83,
KGZ,BTSX,5,9.84,
PRY,BTSX,6,9.84,
BIH,MLE,1,9.85,
YEM,BTSX,2,9.85,
FIN,FMLE,4,9.86,
BTN,FMLE,6,9.87,
MLT,BTSX,8,9.88,
ALB,BTSX,7,9.89,
MKD,FMLE,6,9.89,
HUN,MLE,1,9.9,
ROU,BTSX,3,9.9,
HTI,FMLE,4,9.91,
MWI,MLE,2,9.93,
NGA,FMLE,5,9.94,
TZA,BTSX,4,9.95,
TZA,MLE,3,9.95,
ISR,MLE,2,9.96,
WSM,FMLE,6,9.96,
MOZ,MLE,5,90.32,
BWA,MLE,7,91.04,
MLI,FMLE,8,91.58,
GAB,MLE,6,91.67,
GNB,MLE,7,92.49,
MNE,MLE,7,92.82,
BEN,MLE,7,92.87,
GEO,MLE,8,92.93,
SWZ,BTSX,4,92.98,
EST,MLE,8,93.36,
CIV,MLE,6,93.45,
NGA,FMLE,8,93.9,
KIR,MLE,2,94.19,
BWA,BTSX,8,94.2,
MNE,BTSX,8,94.67,
BFA,MLE,6,94.94,
CPV,BTSX,8,95.52,
BFA,FMLE,8,96.31,
GUY,MLE,2,96.68,
GNB,FMLE,8,96.97,
SOM,MLE,7,96.97,
BDI,MLE,7,97.84,
MKD,MLE,8,98.13,
LTU,MLE,8,98.72,
ETH,MLE,7,99.05,
TGO,FMLE,8,99.69,
ATG,MLE,0,0.0,0.1406759816345213
BRB,FMLE,0,0.16,0.1422162740966183
BRB,BTSX,0,0.31,0.1438395511553079
ATG,BTSX,0,0.32,0.1417751299809818
BRB,MLE,0,0.49,0.1444143014129158
GRD,MLE,0,0.53,0.1451879085732823
ATG,FMLE,0,0.6,0.1419014750783054
GRD,BTSX,0,0.64,0.1437317531217853
VCT,FMLE,0,0.67,0.1418564835641967
VEN,FMLE,0,0.69,0.1343506703626323
GRD,FMLE,0,0.73,0.1417519481111712
KWT,FMLE,0,0.74,0.1499193589957098
SYR,FMLE,0,0.75,0.1687393735261602
BRN,FMLE,0,0.78,0.0975349893208443
MDV,FMLE,0,0.85,0.1189694607004503
JOR,FMLE,0,0.93,0.1623024930556254
HND,FMLE,0,0.98,0.1315598788226606
PAN,FMLE,0,0.98,0.1246926701719687
JAM,FMLE,0,1.0,0.1385614564484278
VCT,BTSX,0,1.01,0.1444503451303567
ARM,FMLE,0,1.02,0.1148315211448557
CYP,FMLE,0,1.06,0.1668549632802224
MMR,FMLE,0,1.09,0.1134759332715235
OMN,FMLE,0,1.12,0.1494684554594841
STP,FMLE,0,1.15,0.1136049032939818
IDN,FMLE,0,1.15,0.1121240303419402
TUR,FMLE,0,1.19,0.1516743471749282
BHS,FMLE,0,1.23,0.1415526316544094
PHL,FMLE,0,1.32,0.1277942336293977
SYC,FMLE,0,1.33,0.1124075029141135
VCT,MLE,0,1.33,0.146995945692889
PER,FMLE,0,1.38,0.1424895087065957
GRC,FMLE,0,1.45,0.1811376093118099
LCA,FMLE,0,1.47,0.1426286512290109
AZE,FMLE,0,1.48,0.1047302584627226
BGD,FMLE,0,1.66,0.1218765207906768
LBN,FMLE,0,1.67,0.1750246646876224
QAT,FMLE,0,1.69,0.1513414294162081
COL,FMLE,0,1.71,0.121616264330358
GHA,FMLE,0,1.79,0.1161262414144503
BLZ,FMLE,0,1.83,0.1413063826750611
TUN,FMLE,0,1.84,0.1683649969620125
DOM,FMLE,0,1.85,0.1519334006904424
DZA,FMLE,0,1.9,0.1561453359600582
SAU,FMLE,0,1.91,0.1467183097417098
NIC,FMLE,0,1.91,0.1368129282068978
PNG,FMLE,0,1.93,0.1222045635669075
CRI,FMLE,0,1.93,0.1333353202090724
JOR,BTSX,0,1.98,0.1504172705658989
MAR,MLE,0,10.07,0.149041802786691
NGA,MLE,0,10.13,0.1043493630177507
NER,BTSX,0,10.15,0.1162902450511286
CUB,BTSX,0,10.19,0.1514629938067432
NZL,BTSX,0,10.3,0.1903663763196692
GTM,MLE,0,10.31,0.1237350391879999
BRA,MLE,0,10.32,0.1478498848287188
CAN,BTSX,0,10.34,0.1495356296501985
SSD,MLE,0,10.38,0.1243269371749838
AUT,BTSX,0,10.4,0.1581647796167553
GBR,MLE,0,10.4,0.1495811890396277
UGA,BTSX,0,10.45,0.1459358069301794
MLI,MLE,0,10.46,0.1035357151673516
GHA,BTSX,0,10.54,0.1140335942352635
VNM,MLE,0,10.56,0.0877858759638461
BGR,MLE,0,10.57,0.1050879582695158
MWI,BTSX,0,10.58,0.1249913299203653
PRK,MLE,0,10.65,0.1160088445268801
MKD,MLE,0,10.98,0.1069051769267889
SEN,BTSX,0,10.99,0.1099993864792991
KEN,BTSX,0,11.01,0.1233861464845878
HRV,BTSX,0,11.01,0.11690584013143
DNK,MLE,0,11.1,0.1274550173081532
IND,FMLE,0,11.12,0.1406307950034266
SLV,MLE,0,11.14,0.1254327596143057
ISL,BTSX,0,11.15,0.1460112474364376
HTI,BTSX,0,11.17,0.1513003551356157
SLE,BTSX,0,11.25,0.12329599085605
AUS,BTSX,0,11.25,0.1934792341064152
COM,MLE,0,11.33,0.1184372504186968
PRT,MLE,0,11.58,0.1661327423252807
COG,BTSX,0,11.62,0.1303605407961543
HUN,BTSX,0,11.77,0.1131090785165621
SUR,FMLE,0,11.79,0.155236605617922
LUX,MLE,0,11.81,0.1414484855968906
UZB,MLE,0,11.84,0.105628381933455
ECU,MLE,0,11.88,0.1401068443537226
DJI,BTSX,0,11.95,0.1204389852752414
EST,BTSX,0,11.96,0.1219462875541961
BDI,BTSX,0,12.12,0.1309021507771648
MDA,BTSX,0,12.17,0.1280447647455568
SRB,MLE,0,12.22,0.1072875442169925
JPN,BTSX,0,12.24,0.105753039422184
GIN,BTSX,0,12.33,0.118473685995049
SWE,BTSX,0,12.37,0.1533185883815538
GNB,BTSX,0,12.38,0.1177265092993968
COD,BTSX,0,12.41,0.1363760238811902
NLD,MLE,0,12.48,0.1576274533137815
LCA,MLE,0,12.51,0.1462172287442095
AGO,BTSX,0,12.55,0.1333846811117294
ROU,MLE,0,12.62,0.1060005795386987
SGP,MLE,0,12.67,0.1154832107203517
BEN,BTSX,0,12.71,0.1184950149146743
DEU,MLE,0,12.8,0.1339284343133533
LKA,BTSX,0,12.89,0.1145035888938492
IND,BTSX,0,12.91,0.1373323744336348
FJI,MLE,0,13.08,0.1120880407417639
TTO,MLE,0,13.09,0.1480125540279092
GAB,BTSX,0,13.11,0.131118504154782
FSM,FMLE,0,13.21,0.1212710564816509
TCD,BTSX,0,13.22,0.1265098177933035
GMB,MLE,0,13.27,0.1132312633837764
MDG,MLE,0,13.33,0.1258775183394489
CRI,MLE,0,13.35,0.1258063821467004
CHL,MLE,0,13.4,0.1304252080431493
NOR,MLE,0,13.4,0.1527396492789
FIN,BTSX,0,13.43,0.1496401730443336
KOR,FMLE,0,13.43,0.1066831469863694
ZWE,FMLE,0,13.46,0.1085350044772364
ARG,MLE,0,13.48,0.1314733672261987
BIH,MLE,0,13.48,0.1074975694572582
KGZ,MLE,0,13.49,0.1124777118157423
TZA,MLE,0,13.5,0.1195623640930991
GNQ,BTSX,0,13.51,0.1320787082082861
NAM,BTSX,0,13.51,0.1109435663370003
BLZ,MLE,0,13.64,0.145121388633152
THA,MLE,0,13.87,0.1232760795404481
BEL,BTSX,0,13.93,0.1496460801994307
GEO,MLE,0,13.97,0.1099433835607563
SVN,BTSX,0,13.97,0.1162601183415854
SYC,MLE,0,14.0,0.1053356456909649
NER,MLE,0,14.15,0.1119534130914919
CHE,MLE,0,14.16,0.1600941456617978
ETH,MLE,0,14.16,0.1216879572368846
IRL,MLE,0,14.32,0.1666890157908997
BFA,BTSX,0,14.38,0.1165870165055215
ZMB,BTSX,0,14.43,0.1211261551304207
USA,BTSX,0,14.51,0.1693462088013887
PAK,MLE,0,14.55,0.1291096365213039
WSM,BTSX,0,14.6,0.1159383420032179
SOM,BTSX,0,14.66,0.1436282333374672
IND,MLE,0,14.69,0.1338593323034494
RWA,MLE,0,14.76,0.1229775356374118
SLE,MLE,0,14.8,0.1174748571593791
TGO,BTSX,0,14.81,0.1230712650595274
HTI,MLE,0,14.87,0.1491313937847873
LSO,MLE,0,146.9,0.1251096334725941
MUS,MLE,0,15.03,0.1088702509196324
FRA,MLE,0,15.16,0.1493746798325555
CPV,BTSX,0,15.23,0.1213386189768798
CAN,MLE,0,15.35,0.153102308103217
NZL,MLE,0,15.39,0.1777096439847588
CZE,MLE,0,15.44,0.1054498521024001
CIV,BTSX,0,15.66,0.1119305535175516
CMR,BTSX,0,15.92,0.1188827826133499
LVA,BTSX,0,16.06,0.1261688961073591
MNE,BTSX,0,16.22,0.1163408924793044
DJI,MLE,0,16.25,0.1171110817366696
POL,MLE,0,16.46,0.1054370008740876
BLR,BTSX,0,16.49,0.1256526282248056
AUT,MLE,0,16.56,0.1479291526798184
CUB,MLE,0,16.67,0.1525697072131147
SVK,MLE,0,16.71,0.1046233814951389
SWE,MLE,0,16.95,0.1405619790305385
GUY,FMLE,0,16.96,0.1598894713010984
AUS,MLE,0,16.97,0.1928918068285912
ERI,BTSX,0,17.26,0.1292289676719863
SLB,BTSX,0,17.37,0.1223158929921991
JPN,MLE,0,17.53,0.1168849995772088
HRV,MLE,0,17.69,0.1098428795267983
UKR,BTSX,0,17.73,0.1239784683815513
MNG,BTSX,0,18.02,0.1126869850028543
KEN,MLE,0,18.05,0.1193395294050346
KAZ,BTSX,0,18.05,0.1061268963894921
COG,MLE,0,18.28,0.1247809673432911
GIN,MLE,0,18.36,0.1130193189773639
GNQ,MLE,0,18.48,0.1261140731973627
SEN,MLE,0,18.53,0.1088058157127797
NPL,MLE,0,18.56,0.1359776987815066
ISL,MLE,0,18.67,0.1397181283941258
URY,BTSX,0,18.83,0.1415222030296639
BDI,MLE,0,18.91,0.1266620150553832
HUN,MLE,0,19.15,0.1071341925505659
UGA,MLE,0,19.39,0.1406509647379623
BEL,MLE,0,19.55,0.1476766176994686
GNB,MLE,0,19.78,0.1121937793181913
MWI,MLE,0,19.99,0.1204351738671514
SLV,FMLE,0,2.08,0.1369661970530908
ITA,FMLE,0,2.08,0.1630998963868355
VEN,BTSX,0,2.1,0.1359048477814266
SYR,BTSX,0,2.11,0.1627946027996286
ISR,FMLE,0,2.13,0.1459033316904774
GEO,FMLE,0,2.17,0.1096952217075749
MEX,FMLE,0,2.18,0.1301980875496833
STP,BTSX,0,2.2,0.1099702296319828
EGY,FMLE,0,2.22,0.1528907996557782
ALB,FMLE,0,2.22,0.1221787256538617
MLT,FMLE,0,2.25,0.1666480352639075
BHR,FMLE,0,2.27,0.1572489736772184
JAM,BTSX,0,2.28,0.1401826048275959
THA,FMLE,0,2.3,0.116922924659071
TUR,BTSX,0,2.34,0.1439793113493725
ROU,FMLE,0,2.37,0.1151003513828977
MYS,FMLE,0,2.39,0.1312667748344019
IRQ,FMLE,0,2.4,0.1606865837355278
SLB,FMLE,0,2.41,0.1253255509450682
TLS,FMLE,0,2.42,0.1179749642603499
POL,FMLE,0,2.43,0.1059224705916475
GTM,FMLE,0,2.53,0.1387218138965684
MUS,FMLE,0,2.53,0.1276821495646149
BRN,BTSX,0,2.54,0.1035537211259077
PHL,BTSX,0,2.54,0.1194447294585134
IDN,BTSX,0,2.55,0.1067598500791958
HND,BTSX,0,2.58,0.1270646602001159
SVK,FMLE,0,2.58,0.1181754420144725
DZA,BTSX,0,2.6,0.1478293096447923
ARE,FMLE,0,2.63,0.1382832131301946
KWT,BTSX,0,2.66,0.140464044450954
ARM,BTSX,0,2.66,0.113801333584617
PER,BTSX,0,2.73,0.1382143110318422
IRN,FMLE,0,2.75,0.1983651865002887
LBN,BTSX,0,2.76,0.164387512533598
MDV,BTSX,0,2.76,0.1107296887753164
BRA,FMLE,0,2.76,0.1843548817226294
ESP,FMLE,0,2.83,0.1975368177480636
PAN,BTSX,0,2.86,0.1218487468246428
BGR,FMLE,0,2.86,0.116619170304285
LBY,FMLE,0,2.9,0.1618715854316496
TKM,FMLE,0,2.91,0.1058062913193173
NPL,FMLE,0,2.94,0.139604760265968
TON,FMLE,0,2.94,0.1181153368953271
MMR,BTSX,0,2.96,0.1088694262118071
CHL,FMLE,0,2.98,0.171555691998477
GHA,MLE,0,20.04,0.1110927554708672
FIN,MLE,0,20.09,0.1505709867913437
LTU,BTSX,0,20.15,0.1324890355494
EST,MLE,0,20.16,0.1175335482582408
TCD,MLE,0,20.21,0.1212562170448038
BWA,BTSX,0,20.22,0.1187192294276771
BEN,MLE,0,20.29,0.115148618214829
COD,MLE,0,20.69,0.1326557372281862
WSM,MLE,0,20.9,0.1134676257993976
LKA,MLE,0,20.94,0.1089685449765192
VUT,BTSX,0,20.96,0.1196714004568997
KOR,BTSX,0,21.16,0.1088449787516065
RUS,BTSX,0,21.6,0.1132027708589342
AGO,MLE,0,21.71,0.1275962401456155
MDA,MLE,0,22.14,0.1242906845395963
USA,MLE,0,22.4,0.1646416877485439
SVN,MLE,0,22.67,0.1082661327943969
SOM,MLE,0,22.75,0.1394326813272596
CAF,BTSX,0,22.96,0.1465020865671192
MOZ,BTSX,0,23.19,0.1336640959456014
GAB,MLE,0,23.31,0.1277801075041246
ZAF,BTSX,0,23.49,0.1201133791839872
ZWE,BTSX,0,23.63,0.1111902060692531
TGO,MLE,0,23.99,0.1185184968928287
BFA,MLE,0,24.45,0.1154995972214533
NAM,MLE,0,24.88,0.1096656361672654
CMR,MLE,0,25.15,0.1147428164344709
MNE,MLE,0,25.38,0.1083326523195634
CIV,MLE,0,25.65,0.1094714620635452
ZMB,MLE,0,25.74,0.1169912813823994
SUR,BTSX,0,25.89,0.1545091810103708
ERI,MLE,0,27.16,0.1246419721083503
CPV,MLE,0,27.4,0.1208164662078883
FSM,BTSX,0,28.99,0.1193376964213862
LVA,MLE,0,29.01,0.1223474224777525
KOR,MLE,0,29.68,0.1105946100514733
JOR,MLE,0,3.03,0.1404688523950301
KHM,FMLE,0,3.05,0.1308384138225182
BTN,FMLE,0,3.08,0.1217926614821683
TUN,BTSX,0,3.18,0.1608304800417248
CYP,BTSX,0,3.18,0.1570116311820048
SDN,FMLE,0,3.26,0.1637658378758766
PRY,FMLE,0,3.26,0.1753180578993398
MDA,FMLE,0,3.29,0.1304033859179417
DZA,MLE,0,3.3,0.1393472403205245
MWI,FMLE,0,3.3,0.128546495862746
ARG,FMLE,0,3.31,0.1394581798719309
STP,MLE,0,3.34,0.1061283821977718
BHS,BTSX,0,3.37,0.1416006286677834
SSD,FMLE,0,3.38,0.1413778717178086
TJK,FMLE,0,3.38,0.1108006010508181
EGY,BTSX,0,3.41,0.1458079800098706
BIH,FMLE,0,3.41,0.121566692659953
GBR,FMLE,0,3.41,0.1525717723434122
LAO,FMLE,0,3.45,0.1237270949196561
PRT,FMLE,0,3.46,0.2001547600209492
ISL,FMLE,0,3.48,0.152106698104468
SYR,MLE,0,3.51,0.1548292862294608
MKD,FMLE,0,3.53,0.1195699546358459
KGZ,FMLE,0,3.54,0.1114928891498384
PNG,BTSX,0,3.57,0.1190954262863304
IRL,FMLE,0,3.57,0.1843148231064448
TUR,MLE,0,3.59,0.1358498096935819
ECU,FMLE,0,3.6,0.1509430728835235
GRC,BTSX,0,3.62,0.1704689208034167
JAM,MLE,0,3.63,0.1412850387581097
VEN,MLE,0,3.65,0.1368772821593
TTO,FMLE,0,3.66,0.1433606975434124
UGA,FMLE,0,3.7,0.149838020116512
ALB,BTSX,0,3.72,0.1155843098896931
TZA,FMLE,0,3.74,0.1312629920498801
COL,BTSX,0,3.74,0.1204643042516959
CZE,FMLE,0,3.78,0.1165705211043854
NGA,FMLE,0,3.79,0.109467441910894
GAB,FMLE,0,3.81,0.1340118062993688
KWT,MLE,0,3.83,0.1327407649115662
MRT,FMLE,0,3.85,0.1045690879703434
BGD,BTSX,0,3.85,0.11801304673787
LBN,MLE,0,3.87,0.1516497565442454
PHL,MLE,0,3.88,0.1106165927017248
SRB,FMLE,0,3.89,0.1191902137398098
DEU,FMLE,0,3.91,0.1657127738204103
AZE,BTSX,0,3.97,0.1042222905497398
IDN,MLE,0,3.99,0.1010577862834458
BLR,MLE,0,30.12,0.1218073197995684
KIR,BTSX,0,30.56,0.1221734908971596
KAZ,MLE,0,30.88,0.1049807338005997
MNG,MLE,0,31.11,0.1110984474673134
URY,MLE,0,31.12,0.1288167079557201
SLB,MLE,0,32.25,0.1191741119870014
UKR,MLE,0,32.7,0.1211059132640212
VUT,MLE,0,33.1,0.1171745332022657
LSO,FMLE,0,34.56,0.1390663623283125
BWA,MLE,0,35.54,0.1151703020729425
LTU,MLE,0,36.06,0.1268135526734694
ZWE,MLE,0,37.81,0.1135733160427905
ZAF,MLE,0,37.88,0.1115921127518705
RUS,MLE,0,38.18,0.1128933247706236
CAF,MLE,0,39.64,0.1421401528120752
MDV,MLE,0,4.07,0.1057497782940446
CUB,FMLE,0,4.08,0.1496093089673592
PER,MLE,0,4.1,0.1330585414793411
VNM,FMLE,0,4.18,0.1016200094735999
BOL,FMLE,0,4.19,0.1594216928651203
BRN,MLE,0,4.24,0.1089575221204852
DNK,FMLE,0,4.24,0.1536412221522663
ITA,BTSX,0,4.33,0.1503392901278635
NAM,FMLE,0,4.35,0.1114809937447279
TON,BTSX,0,4.37,0.1154442534292806
HND,MLE,0,4.39,0.1212316203024336
OMN,BTSX,0,4.47,0.137300889564849
LBY,BTSX,0,4.49,0.1539913127603721
EST,FMLE,0,4.49,0.1249256480281818
TLS,BTSX,0,4.53,0.1124495516473058
FRA,FMLE,0,4.54,0.1813973009559536
LVA,FMLE,0,4.56,0.1284890463724785
TUN,MLE,0,4.6,0.1522137401508596
AUT,FMLE,0,4.64,0.1675705434472265
EGY,MLE,0,4.65,0.1392503011355447
UKR,FMLE,0,4.65,0.125021100131161
QAT,BTSX,0,4.66,0.1362765279058072
NIC,BTSX,0,4.66,0.1326539329205507
AGO,FMLE,0,4.68,0.1381248407409363
MAR,FMLE,0,4.7,0.1654138033820891
IRQ,BTSX,0,4.74,0.1491283072781156
PAK,FMLE,0,4.75,0.1325090619561806
SDN,BTSX,0,4.76,0.1598582968024279
PAN,MLE,0,4.8,0.1186907134571123
CHN,FMLE,0,4.8,0.1097165061174672
ARM,MLE,0,4.92,0.1108832092138499
UZB,FMLE,0,4.93,0.1044996642067653
SWZ,BTSX,0,40.46,0.1193273924515627
GUY,BTSX,0,40.85,0.1581077976265846
SUR,MLE,0,41.33,0.152734131359373
MOZ,MLE,0,42.56,0.1290504621868078
FSM,MLE,0,44.32,0.1168855613327329
COD,FMLE,0,5.02,0.1397230919175304
CIV,FMLE,0,5.03,0.1146024126412671
RWA,FMLE,0,5.04,0.1367669386941419
CPV,FMLE,0,5.06,0.1211053019311045
BTN,BTSX,0,5.07,0.1206935611096466
HRV,FMLE,0,5.08,0.1228833848962243
MMR,MLE,0,5.09,0.1030248344899023
DOM,BTSX,0,5.11,0.1503912021692754
IRN,BTSX,0,5.13,0.1888764639244908
ISR,BTSX,0,5.15,0.1448335929831232
SEN,FMLE,0,5.18,0.1108419616217643
ETH,FMLE,0,5.18,0.1277433102333763
PNG,MLE,0,5.21,0.1161152029357675
ARE,BTSX,0,5.24,0.1253126439175541
YEM,FMLE,0,5.27,0.1726890884026325
ALB,MLE,0,5.27,0.1080797329692362
ZMB,FMLE,0,5.28,0.1249605620891958
BLR,FMLE,0,5.28,0.1277390525271217
ESP,BTSX,0,5.28,0.1831971830422646
MEX,BTSX,0,5.29,0.1226168158820932
CYP,MLE,0,5.3,0.1457588168795539
KEN,FMLE,0,5.31,0.1269227693895562
TJK,BTSX,0,5.32,0.1103889070081673
MLT,BTSX,0,5.32,0.1572444383839445
CAN,FMLE,0,5.38,0.145509575182013
NZL,FMLE,0,5.41,0.2013083635330461
MDG,FMLE,0,5.42,0.134498382572425
SAU,BTSX,0,5.43,0.1369706553457522
LUX,FMLE,0,5.43,0.1561955148144999
MRT,BTSX,0,5.47,0.1058212272239938
KHM,BTSX,0,5.49,0.1236088748711275
LBR,FMLE,0,5.5,0.1369487857324495
HUN,FMLE,0,5.51,0.1176113534782503
SVN,FMLE,0,5.54,0.1236236899110333
AUS,FMLE,0,5.58,0.1932885827592184
MNG,FMLE,0,5.62,0.1129724323876641
CHE,FMLE,0,5.65,0.1807332440282481
QAT,MLE,0,5.66,0.1346089074556458
AFG,FMLE,0,5.67,0.1761878093109669
MLI,FMLE,0,5.7,0.1078711311433078
BHS,MLE,0,5.76,0.1408388766310803
MYS,BTSX,0,5.77,0.1223016129438454
COM,FMLE,0,5.82,0.1254670713772563
TON,MLE,0,5.88,0.111810183891427
GRC,MLE,0,5.9,0.1585285604975042
AFG,BTSX,0,5.96,0.1711761173310941
FJI,FMLE,0,5.96,0.1182483874611119
COL,MLE,0,5.96,0.1188217455308988
LAO,BTSX,0,5.98,0.1203965364907119
KIR,MLE,0,53.56,0.1202015229247276
BGD,MLE,0,6.02,0.1137629555350767
COG,FMLE,0,6.06,0.1356269433874193
NLD,FMLE,0,6.06,0.1734892284666201
TKM,BTSX,0,6.07,0.105262575776601
BEN,FMLE,0,6.09,0.1212292612105441
LKA,FMLE,0,6.1,0.1191255991270072
LBY,MLE,0,6.11,0.1463647407505701
SLV,BTSX,0,6.11,0.1324409319317457
PRY,BTSX,0,6.16,0.1583606551323358
LTU,FMLE,0,6.18,0.1362998209403299
AFG,MLE,0,6.19,0.1660395900068497
GTM,BTSX,0,6.23,0.132304202712163
GMB,FMLE,0,6.24,0.1464734498752864
PRK,FMLE,0,6.27,0.1190649607678112
ARE,MLE,0,6.29,0.1214081238065415
NOR,FMLE,0,6.29,0.1667417793923259
SDN,MLE,0,6.34,0.1557120586471464
BDI,FMLE,0,6.35,0.1355643615545557
SGP,FMLE,0,6.37,0.101763044170062
SWZ,FMLE,0,6.41,0.1205334502817605
BRA,BTSX,0,6.41,0.1671706935627663
NER,FMLE,0,6.42,0.12013467830767
OMN,MLE,0,6.43,0.1324455886150183
TGO,FMLE,0,6.45,0.1263247142979282
BFA,FMLE,0,6.5,0.1171477223201342
BGR,BTSX,0,6.5,0.1114108966319428
AZE,MLE,0,6.61,0.1022805209636977
CHN,BTSX,0,6.67,0.1130943124946037
TLS,MLE,0,6.69,0.1068297375172159
SSD,BTSX,0,6.69,0.133129160175444
GNB,FMLE,0,6.69,0.1220716331921208
ITA,MLE,0,6.72,0.1364346602392806
BTN,MLE,0,6.77,0.1199385712402737
USA,FMLE,0,6.77,0.1732213062549908
FIN,FMLE,0,6.78,0.1484997867319227
BOL,BTSX,0,6.82,0.1506335036953023
LCA,BTSX,0,6.85,0.1446568253296039
NGA,BTSX,0,6.87,0.1071722426631048
TCD,FMLE,0,6.88,0.131931020158274
GBR,BTSX,0,6.88,0.1513074861426654
JPN,FMLE,0,6.91,0.0944560100134961
KAZ,FMLE,0,6.94,0.105692099420861
GUY,MLE,0,64.97,0.1555376526242242
YEM,BTSX,0,7.06,0.1640152229530048
SOM,FMLE,0,7.07,0.146550221102537
MKD,BTSX,0,7.15,0.1134311857844718
BHR,BTSX,0,7.2,0.1457068682037371
VNM,BTSX,0,7.22,0.0951583474314308
PRT,BTSX,0,7.22,0.1845128785304269
RUS,FMLE,0,7.23,0.1124314444953636
IRQ,MLE,0,7.27,0.137516035390683
MAR,BTSX,0,7.29,0.1574876701899719
ROU,BTSX,0,7.33,0.1110257338806637
TJK,MLE,0,7.35,0.1092988229387168
LBR,BTSX,0,7.37,0.1248881054788407
MRT,MLE,0,7.39,0.1070227722763251
IRN,MLE,0,7.48,0.1791594334576261
DJI,FMLE,0,7.56,0.1239552475529175
CMR,FMLE,0,7.59,0.1226104441857384
CRI,BTSX,0,7.62,0.130091863073773
DNK,BTSX,0,7.63,0.1409613885123937
GEO,BTSX,0,7.65,0.1105533740597836
BLZ,BTSX,0,7.65,0.1432655399016709
URY,FMLE,0,7.67,0.1520918617823403
ECU,BTSX,0,7.68,0.1458815525610989
SYC,BTSX,0,7.73,0.1086233436553438
SWE,FMLE,0,7.73,0.1657074223827807
BWA,FMLE,0,7.79,0.1211988120036303
SAU,MLE,0,7.79,0.1311388791696897
NIC,MLE,0,7.79,0.1273926536840435
WSM,FMLE,0,7.8,0.1182516248220517
SRB,BTSX,0,7.86,0.113794795016551
MNE,FMLE,0,7.88,0.1230939409380487
ESP,MLE,0,7.88,0.1674408811844717
THA,BTSX,0,7.95,0.1204251722092067
MLI,BTSX,0,7.96,0.1057280915008862
HTI,FMLE,0,7.98,0.1524943067195107
SWZ,MLE,0,78.67,0.1167941221272498
GIN,FMLE,0,8.03,0.1233326797033738
CHL,BTSX,0,8.04,0.1520282970838979
ARG,BTSX,0,8.14,0.1359522259737299
TZA,BTSX,0,8.15,0.125842385624324
SLE,FMLE,0,8.18,0.1290422921140579
PRK,BTSX,0,8.2,0.1181044453090891
BIH,BTSX,0,8.25,0.1151337635147718
DEU,BTSX,0,8.27,0.1500078995899444
ERI,FMLE,0,8.28,0.132762138428582
TTO,BTSX,0,8.28,0.145840651563248
UZB,BTSX,0,8.28,0.1056245353282573
KGZ,BTSX,0,8.28,0.1126098469088897
ISR,MLE,0,8.32,0.1430884222734096
MLT,MLE,0,8.35,0.1472752041518811
KHM,MLE,0,8.38,0.1147712531632868
BEL,FMLE,0,8.41,0.1511466664983562
COM,BTSX,0,8.46,0.1222513282226648
DOM,MLE,0,8.53,0.1485073960248497
LUX,BTSX,0,8.62,0.1490676863184495
LAO,MLE,0,8.63,0.1168196709764842
CHN,MLE,0,8.63,0.1153219430892051
MEX,MLE,0,8.69,0.1136561692709716
MUS,BTSX,0,8.75,0.1186021683253978
GNQ,FMLE,0,8.83,0.1371277888888422
IRL,BTSX,0,8.9,0.1760945354268606
MOZ,FMLE,0,8.92,0.1371279775582953
YEM,MLE,0,8.95,0.15484826703211
LSO,BTSX,0,87.48,0.1330644112779963
PRY,MLE,0,9.0,0.1407825196127725
VUT,FMLE,0,9.01,0.1222295396644996
MYS,MLE,0,9.02,0.1136550635846031
MDG,BTSX,0,9.18,0.1303922304664946
NLD,BTSX,0,9.27,0.1659894376284065
CAF,FMLE,0,9.3,0.15008711324829
POL,BTSX,0,9.3,0.1060162367233335
SVK,BTSX,0,9.31,0.1120573391428391
LBR,MLE,0,9.4,0.1131541945972538
TKM,MLE,0,9.41,0.1034917164691516
KIR,FMLE,0,9.45,0.1229295711245884
RWA,BTSX,0,9.45,0.1307975010994231
ETH,BTSX,0,9.45,0.1247839029910996
CZE,BTSX,0,9.48,0.111397787524548
FJI,BTSX,0,9.51,0.1154004811166231
BOL,MLE,0,9.6,0.1411317024412914
GMB,BTSX,0,9.64,0.1304814450110481
FRA,BTSX,0,9.65,0.1663237223880752
SGP,BTSX,0,9.65,0.1085926791732244
PAK,BTSX,0,9.77,0.1308327995771014
NPL,BTSX,0,9.77,0.1382717344188198
ZAF,FMLE,0,9.83,0.1269438480249376
CHE,BTSX,0,9.83,0.1707454683578732
BHR,MLE,0,9.86,0.1396429363271623
NOR,BTSX,0,9.91,0.1598195094563085
